canton,"2012,05,13_polarity","2012,07,21_polarity","2012,03,27_polarity","2012,07,19_polarity","2012,02,09_polarity","2012,11,24_polarity","2012,08,16_polarity","2012,10,19_polarity","2012,12,31_polarity","2012,06,30_polarity","2012,12,06_polarity","2012,12,01_polarity","2012,06,11_polarity","2012,11,08_polarity","2012,12,29_polarity","2012,11,22_polarity","2012,10,21_polarity","2012,03,12_polarity","2012,06,12_polarity","2012,06,15_polarity","2012,07,24_polarity","2012,03,18_polarity","2012,07,17_polarity","2012,06,07_polarity","2012,09,05_polarity","2012,05,24_polarity","2012,09,27_polarity","2012,12,14_polarity","2012,01,31_polarity","2012,06,06_polarity","2012,03,19_polarity","2012,03,11_polarity","2012,07,07_polarity","2012,08,04_polarity","2012,01,17_polarity","2012,06,17_polarity","2012,12,11_polarity","2012,12,26_polarity","2012,04,24_polarity","2012,08,14_polarity","2012,11,12_polarity","2012,06,22_polarity","2012,12,03_polarity","2012,03,21_polarity","2012,11,26_polarity","2012,09,02_polarity","2012,02,24_polarity","2012,07,20_polarity","2012,12,12_polarity","2012,10,15_polarity","2012,01,05_polarity","2012,05,18_polarity","2012,06,14_polarity","2012,08,07_polarity","2012,09,13_polarity","2012,11,23_polarity","2012,10,27_polarity","2012,10,05_polarity","2012,05,02_polarity","2012,08,28_polarity","2012,05,05_polarity","2012,06,13_polarity","2012,11,07_polarity","2012,05,17_polarity","2012,12,02_polarity","2012,10,22_polarity","2012,03,07_polarity","2012,04,02_polarity","2012,04,27_polarity","2012,12,24_polarity","2012,04,25_polarity","2012,11,02_polarity","2012,08,05_polarity","2012,05,21_polarity","2012,09,06_polarity","2012,03,03_polarity","2012,02,22_polarity","2012,02,14_polarity","2012,11,18_polarity","2012,05,09_polarity","2012,02,23_polarity","2012,03,04_polarity","2012,08,22_polarity","2012,02,12_polarity","2012,11,06_polarity","2012,09,16_polarity","2012,08,26_polarity","2012,09,10_polarity","2012,11,25_polarity","2012,10,13_polarity","2012,10,12_polarity","2012,09,09_polarity","2012,05,15_polarity","2012,04,10_polarity","2012,01,23_polarity","2012,07,09_polarity","2012,09,12_polarity","2012,12,15_polarity","2012,08,12_polarity","2012,02,04_polarity","2012,06,28_polarity","2012,03,13_polarity","2012,03,23_polarity","2012,04,03_polarity","2012,10,14_polarity","2012,10,29_polarity","2012,07,31_polarity","2012,10,16_polarity","2012,12,10_polarity","2012,05,27_polarity","2012,12,27_polarity","2012,06,21_polarity","2012,02,03_polarity","2012,07,04_polarity","2012,08,31_polarity","2012,12,20_polarity","2012,11,09_polarity","2012,02,10_polarity","2012,08,30_polarity","2012,02,02_polarity","2012,11,28_polarity","2012,04,12_polarity","2012,09,19_polarity","2012,06,01_polarity","2012,01,14_polarity","2012,07,15_polarity","2012,10,11_polarity","2012,05,10_polarity","2012,04,05_polarity","2012,03,16_polarity","2012,10,18_polarity","2012,01,15_polarity","2012,07,28_polarity","2012,11,27_polarity","2012,06,04_polarity","2012,06,20_polarity","2012,05,29_polarity","2012,07,18_polarity","2012,12,18_polarity","2012,10,10_polarity","2012,01,26_polarity","2012,06,10_polarity","2012,05,04_polarity","2012,06,19_polarity","2012,08,15_polarity","2012,03,15_polarity","2012,04,13_polarity","2012,04,14_polarity","2012,08,02_polarity","2012,02,15_polarity","2012,11,15_polarity","2012,06,27_polarity","2012,11,05_polarity","2012,11,13_polarity","2012,08,10_polarity","2012,10,30_polarity","2012,04,29_polarity","2012,12,28_polarity","2012,09,24_polarity","2012,09,22_polarity","2012,08,27_polarity","2012,11,10_polarity","2012,01,06_polarity","2012,01,03_polarity","2012,04,20_polarity","2012,03,02_polarity","2012,10,03_polarity","2012,04,17_polarity","2012,01,11_polarity","2012,08,08_polarity","2012,02,16_polarity","2012,05,07_polarity","2012,01,22_polarity","2012,08,29_polarity","2012,05,23_polarity","2012,06,02_polarity","2012,04,18_polarity","2012,02,18_polarity","2012,03,31_polarity","2012,09,30_polarity","2012,10,01_polarity","2012,12,25_polarity","2012,03,28_polarity","2012,09,20_polarity","2012,01,21_polarity","2012,10,07_polarity","2012,11,01_polarity","2012,07,06_polarity","2012,02,21_polarity","2012,07,29_polarity","2012,07,10_polarity","2012,02,25_polarity","2012,08,09_polarity","2012,10,20_polarity","2012,12,16_polarity","2012,05,28_polarity","2012,02,06_polarity","2012,02,20_polarity","2012,03,05_polarity","2012,06,18_polarity","2012,04,22_polarity","2012,09,03_polarity","2012,04,23_polarity","2012,02,01_polarity","2012,09,29_polarity","2012,04,11_polarity","2012,07,26_polarity","2012,08,17_polarity","2012,06,23_polarity","2012,12,04_polarity","2012,07,23_polarity","2012,03,24_polarity","2012,05,12_polarity","2012,06,05_polarity","2012,11,29_polarity","2012,04,19_polarity","2012,04,08_polarity","2012,04,28_polarity","2012,10,25_polarity","2012,03,26_polarity","2012,07,30_polarity","2012,04,26_polarity","2012,05,20_polarity","2012,05,08_polarity","2012,08,11_polarity","2012,02,07_polarity","2012,12,05_polarity","2012,07,14_polarity","2012,04,09_polarity","2012,09,15_polarity","2012,03,08_polarity","2012,08,03_polarity","2012,01,04_polarity","2012,10,06_polarity","2012,11,11_polarity","2012,08,23_polarity","2012,06,03_polarity","2012,03,20_polarity","2012,05,16_polarity","2012,01,09_polarity","2012,05,31_polarity","2012,08,06_polarity","2012,05,01_polarity","2012,03,09_polarity","2012,11,30_polarity","2012,01,16_polarity","2012,02,17_polarity","2012,04,30_polarity","2012,06,08_polarity","2012,12,13_polarity","2012,04,21_polarity","2012,10,17_polarity","2012,09,11_polarity","2012,01,25_polarity","2012,08,18_polarity","2012,09,25_polarity","2012,11,17_polarity","2012,04,01_polarity","2012,07,25_polarity","2012,06,24_polarity","2012,10,04_polarity","2012,03,01_polarity","2012,09,01_polarity","2012,08,13_polarity","2012,08,20_polarity","2012,09,04_polarity","2012,09,07_polarity","2012,04,06_polarity","2012,10,09_polarity","2012,01,28_polarity","2012,08,19_polarity","2012,01,01_polarity","2012,10,08_polarity","2012,11,16_polarity","2012,05,06_polarity","2012,10,31_polarity","2012,09,18_polarity","2012,07,27_polarity","2012,09,08_polarity","2012,05,25_polarity","2012,08,24_polarity","2012,03,30_polarity","2012,07,02_polarity","2012,01,29_polarity","2012,01,18_polarity","2012,01,27_polarity","2012,12,21_polarity","2012,10,26_polarity","2012,05,26_polarity","2012,08,21_polarity","2012,04,16_polarity","2012,07,22_polarity","2012,06,26_polarity","2012,01,24_polarity","2012,09,23_polarity","2012,12,19_polarity","2012,02,05_polarity","2012,11,19_polarity","2012,07,12_polarity","2012,12,08_polarity","2012,06,09_polarity","2012,01,19_polarity","2012,03,22_polarity","2012,03,25_polarity","2012,03,17_polarity","2012,02,11_polarity","2012,02,13_polarity","2012,09,28_polarity","2012,03,10_polarity","2012,09,14_polarity","2012,07,16_polarity","2012,07,05_polarity","2012,12,09_polarity","2012,11,03_polarity","2012,03,29_polarity","2012,02,29_polarity","2012,11,04_polarity","2012,01,07_polarity","2012,12,17_polarity","2012,01,10_polarity","2012,02,28_polarity","2012,10,24_polarity","2012,01,12_polarity","2012,12,22_polarity","2012,05,14_polarity","2012,11,20_polarity","2012,07,08_polarity","2012,10,02_polarity","2012,09,17_polarity","2012,05,30_polarity","2012,02,08_polarity","2012,01,13_polarity","2012,02,27_polarity","2012,10,28_polarity","2012,07,03_polarity","2012,10,23_polarity","2012,02,26_polarity","2012,09,21_polarity","2012,07,13_polarity","2012,05,03_polarity","2012,07,11_polarity","2012,06,29_polarity","2012,01,30_polarity","2012,11,21_polarity","2012,12,23_polarity","2012,08,01_polarity","2012,04,07_polarity","2012,04,15_polarity","2012,03,14_polarity","2012,06,16_polarity","2012,05,11_polarity","2012,02,19_polarity","2012,04,04_polarity","2012,12,07_polarity","2012,01,02_polarity","2012,07,01_polarity","2012,05,19_polarity","2012,01,08_polarity","2012,01,20_polarity","2012,12,30_polarity","2012,08,25_polarity","2012,11,14_polarity","2012,05,22_polarity","2012,03,06_polarity","2012,09,26_polarity","2012,06,25_polarity"
AG,46,55.0,5.0,48.0,5.0,61.0,52.0,40.0,71.0,28.0,38.0,79.0,67.0,38.0,48,38.0,No Data,8.0,54.0,54.0,35,4.0,24.0,64,48.0,31.0,75,31.0,4.0,65.0,12.0,4.0,33,235.0,2.0,50.0,43.0,28.0,25.0,54.0,53.0,51.0,52.0,2.0,86.0,69.0,1.0,51.0,47.0,40.0,4.0,30,40.0,35.0,No Data,42,72.0,45.0,39,66.0,19.0,70.0,37.0,47.0,No Data,39.0,5.0,4.0,13.0,78.0,42,78.0,156.0,38.0,59,6.0,No Data,14.0,56.0,27.0,5.0,2.0,53,5.0,37.0,1.0,3.0,No Data,136.0,38,47.0,1.0,32,3.0,1.0,33.0,No Data,45,32,3.0,34.0,6.0,14.0,4.0,55,30.0,67,58.0,70.0,25,52.0,52.0,1.0,48.0,73.0,52.0,40.0,3.0,57,4.0,65.0,5.0,44.0,82.0,8.0,51.0,35.0,32.0,3.0,5.0,91.0,8.0,38,77.0,55.0,46.0,37.0,48.0,29.0,35.0,13.0,64.0,48,31.0,70.0,10.0,7.0,4.0,150.0,4.0,38.0,78.0,38.0,33.0,75.0,31.0,1.0,54,46,46.0,41.0,54.0,2.0,No Data,46,4.0,58.0,1.0,No Data,35,4.0,66.0,1.0,59,32.0,48,5.0,4.0,3.0,39,61.0,46.0,1.0,27.0,5.0,39.0,46.0,42,No Data,40.0,38.0,5.0,48.0,No Data,40.0,40.0,No Data,7.0,3.0,33.0,58.0,60,52.0,4.0,36.0,3.0,57,63.0,64.0,36.0,54,10.0,68,52.0,35.0,32.0,2.0,3.0,48,8.0,49,34.0,14.0,19.0,35.0,2.0,33.0,31.0,No Data,5.0,5.0,189,No Data,72.0,42.0,2.0,55,1.0,44.0,2.0,45.0,46.0,32,5.0,48.0,5.0,4.0,22.0,67.0,27.0,44,46.0,No Data,10.0,63.0,50.0,66,5.0,62.0,62.0,40.0,1.0,63.0,49.0,61,No Data,No Data,1.0,48.0,2.0,59.0,4.0,48.0,44.0,45.0,33,59.0,39.0,No Data,40.0,47,1.0,50.0,3.0,2.0,6.0,19.0,44.0,31.0,52,2.0,29.0,48.0,6.0,46,40.0,6.0,56.0,76.0,57.0,64.0,5.0,5.0,5.0,5.0,5.0,7.0,60.0,2.0,No Data,48.0,64,58.0,63.0,1.0,1.0,56,4.0,33.0,1.0,2.0,49.0,1.0,54.0,30.0,50.0,45.0,32.0,No Data,51.0,2.0,3.0,5.0,63,40.0,41.0,3.0,52.0,54,28.0,48.0,39.0,2.0,33.0,45.0,59,4.0,4.0,7.0,42.0,78.0,3.0,2.0,47.0,1.0,54.0,51.0,2.0,3.0,32.0,36.0,50,28.0,7.0,36.0,29.0
AI,7,No Data,No Data,No Data,No Data,No Data,No Data,No Data,No Data,No Data,No Data,No Data,No Data,No Data,1,No Data,No Data,No Data,No Data,No Data,1,No Data,No Data,3,No Data,8.0,2,No Data,No Data,6.0,No Data,No Data,2,2.0,No Data,No Data,No Data,No Data,2.0,No Data,No Data,1.0,No Data,No Data,No Data,No Data,No Data,No Data,No Data,No Data,No Data,1,No Data,No Data,No Data,1,1.0,No Data,1,No Data,20.0,1.0,No Data,4.0,No Data,No Data,No Data,No Data,1.0,No Data,2,No Data,1.0,5.0,1,No Data,No Data,No Data,No Data,1.0,No Data,No Data,1,No Data,No Data,No Data,No Data,No Data,No Data,1,No Data,No Data,1,No Data,No Data,3.0,No Data,3,2,No Data,No Data,No Data,No Data,No Data,1,No Data,1,No Data,No Data,12,No Data,1.0,No Data,No Data,2.0,2.0,No Data,No Data,3,No Data,No Data,No Data,No Data,5.0,No Data,No Data,No Data,6.0,No Data,No Data,No Data,No Data,1,1.0,5.0,No Data,3.0,1.0,No Data,2.0,No Data,No Data,5,No Data,No Data,No Data,No Data,No Data,2.0,No Data,No Data,No Data,No Data,No Data,No Data,5.0,No Data,3,1,No Data,No Data,No Data,No Data,No Data,6,No Data,No Data,No Data,No Data,1,No Data,1.0,No Data,1,1.0,5,No Data,No Data,No Data,1,No Data,No Data,No Data,No Data,No Data,1.0,3.0,1,No Data,No Data,No Data,No Data,No Data,No Data,No Data,3.0,No Data,No Data,No Data,2.0,No Data,1,No Data,No Data,No Data,No Data,1,No Data,1.0,No Data,3,No Data,9,7.0,No Data,No Data,No Data,No Data,1,No Data,2,2.0,5.0,No Data,No Data,No Data,No Data,2.0,No Data,No Data,No Data,1,No Data,No Data,No Data,1.0,9,No Data,2.0,No Data,4.0,No Data,1,No Data,No Data,No Data,No Data,2.0,1.0,No Data,1,No Data,No Data,No Data,1.0,1.0,1,No Data,1.0,2.0,No Data,No Data,1.0,No Data,2,No Data,No Data,No Data,1.0,No Data,1.0,No Data,No Data,No Data,12.0,1,1.0,No Data,No Data,4.0,2,No Data,No Data,No Data,1.0,No Data,No Data,No Data,11.0,2,No Data,No Data,1.0,No Data,2,No Data,No Data,1.0,No Data,No Data,1.0,No Data,No Data,No Data,No Data,No Data,No Data,No Data,No Data,1.0,No Data,6,No Data,2.0,No Data,No Data,1,No Data,No Data,No Data,No Data,No Data,No Data,No Data,1.0,No Data,3.0,No Data,No Data,8.0,No Data,No Data,No Data,1,No Data,No Data,No Data,No Data,19,No Data,3.0,No Data,No Data,No Data,No Data,4,No Data,No Data,No Data,No Data,13.0,No Data,No Data,No Data,No Data,No Data,1.0,No Data,No Data,No Data,1.0,1,15.0,No Data,No Data,No Data
AR,1,No Data,No Data,4.0,No Data,1.0,1.0,5.0,2.0,No Data,6.0,2.0,No Data,3.0,1,No Data,No Data,No Data,No Data,2.0,4,No Data,3.0,1,1.0,No Data,3,5.0,No Data,No Data,No Data,No Data,2,4.0,No Data,No Data,6.0,2.0,7.0,No Data,3.0,1.0,3.0,No Data,4.0,1.0,No Data,2.0,5.0,No Data,No Data,1,1.0,5.0,No Data,2,4.0,3.0,4,No Data,No Data,1.0,4.0,No Data,No Data,7.0,No Data,2.0,2.0,8.0,3,5.0,No Data,No Data,2,1.0,No Data,No Data,3.0,No Data,No Data,1.0,1,No Data,2.0,No Data,No Data,No Data,1.0,2,No Data,No Data,1,No Data,No Data,No Data,No Data,7,4,No Data,No Data,No Data,No Data,2.0,1,7.0,4,5.0,1.0,1,3.0,No Data,No Data,No Data,No Data,4.0,1.0,No Data,5,No Data,1.0,2.0,1.0,No Data,No Data,No Data,No Data,1.0,No Data,No Data,9.0,No Data,1,4.0,No Data,2.0,No Data,No Data,7.0,No Data,No Data,3.0,1,1.0,2.0,No Data,5.0,2.0,6.0,No Data,No Data,2.0,1.0,2.0,5.0,6.0,4.0,4,7,No Data,3.0,2.0,4.0,No Data,4,No Data,No Data,No Data,No Data,1,No Data,No Data,No Data,1,No Data,8,8.0,No Data,2.0,1,1.0,3.0,1.0,4.0,No Data,No Data,2.0,1,No Data,1.0,1.0,No Data,4.0,No Data,3.0,No Data,No Data,No Data,1.0,No Data,1.0,1,No Data,No Data,No Data,7.0,3,1.0,No Data,5.0,4,No Data,2,No Data,3.0,4.0,1.0,1.0,16,No Data,1,2.0,No Data,2.0,2.0,No Data,5.0,4.0,1.0,No Data,No Data,1,No Data,1.0,No Data,No Data,2,No Data,No Data,No Data,No Data,5.0,5,No Data,1.0,No Data,No Data,No Data,No Data,7.0,3,7.0,No Data,No Data,No Data,1.0,11,3.0,No Data,No Data,6.0,No Data,No Data,No Data,3,No Data,No Data,No Data,No Data,No Data,No Data,No Data,No Data,7.0,5.0,7,No Data,4.0,No Data,No Data,2,No Data,1.0,No Data,No Data,No Data,5.0,13.0,No Data,1,5.0,No Data,1.0,No Data,1,1.0,No Data,1.0,7.0,7.0,2.0,1.0,No Data,No Data,No Data,No Data,No Data,2.0,No Data,No Data,7.0,5,1.0,9.0,No Data,No Data,8,No Data,5.0,No Data,No Data,5.0,No Data,No Data,No Data,No Data,No Data,3.0,No Data,No Data,No Data,No Data,No Data,7,No Data,8.0,No Data,1.0,1,4.0,9.0,1.0,1.0,1.0,3.0,4,1.0,1.0,No Data,No Data,2.0,No Data,2.0,3.0,No Data,2.0,No Data,No Data,No Data,2.0,2.0,5,No Data,No Data,No Data,1.0
BE,136,89.0,11.0,119.0,9.0,126.0,74.0,86.0,205.0,149.0,130.0,118.0,95.0,77.0,145,93.0,No Data,19.0,96.0,100.0,96,5.0,72.0,124,110.0,93.0,115,92.0,3.0,114.0,4.0,15.0,178,127.0,13.0,157.0,91.0,153.0,137.0,116.0,79.0,117.0,105.0,5.0,92.0,120.0,13.0,129.0,93.0,90.0,6.0,82,135.0,99.0,No Data,135,110.0,203.0,110,137.0,102.0,116.0,78.0,94.0,No Data,93.0,10.0,7.0,28.0,155.0,121,156.0,134.0,107.0,123,19.0,15.0,11.0,96.0,200.0,12.0,7.0,171,9.0,97.0,No Data,3.0,No Data,151.0,105,140.0,No Data,100,14.0,2.0,132.0,No Data,96,115,17.0,163.0,11.0,12.0,17.0,130,127.0,112,224.0,96.0,132,132.0,129.0,18.0,175.0,216.0,87.0,102.0,5.0,191,8.0,99.0,24.0,133.0,166.0,7.0,211.0,113.0,181.0,16.0,14.0,135.0,15.0,119,118.0,99.0,164.0,144.0,103.0,94.0,86.0,5.0,100.0,125,84.0,192.0,7.0,10.0,13.0,201.0,8.0,89.0,162.0,77.0,96.0,190.0,84.0,18.0,256,181,183.0,133.0,110.0,5.0,13.0,104,24.0,112.0,5.0,8.0,183,12.0,225.0,9.0,185,109.0,141,17.0,9.0,12.0,152,143.0,119.0,11.0,61.0,21.0,94.0,145.0,142,14.0,113.0,149.0,4.0,122.0,No Data,99.0,124.0,9.0,26.0,27.0,160.0,134.0,170,83.0,10.0,125.0,14.0,124,148.0,127.0,106.0,87,15.0,79,102.0,92.0,81.0,3.0,24.0,74,8.0,145,118.0,265.0,154.0,153.0,1.0,75.0,225.0,8.0,1.0,7.0,170,9.0,149.0,118.0,5.0,83,6.0,125.0,1.0,134.0,138.0,86,19.0,111.0,No Data,11.0,84.0,140.0,75.0,143,75.0,No Data,16.0,159.0,171.0,143,15.0,77.0,130.0,117.0,12.0,129.0,110.0,157,No Data,No Data,7.0,139.0,8.0,106.0,11.0,130.0,127.0,102.0,112,80.0,123.0,1.0,135.0,128,12.0,116.0,4.0,21.0,15.0,87.0,132.0,123.0,315,19.0,111.0,136.0,19.0,315,121.0,3.0,109.0,238.0,132.0,125.0,3.0,14.0,6.0,9.0,13.0,2.0,129.0,8.0,No Data,143.0,156,99.0,105.0,6.0,13.0,114,12.0,104.0,14.0,6.0,124.0,3.0,165.0,63.0,94.0,131.0,145.0,1.0,186.0,8.0,19.0,8.0,110,177.0,105.0,6.0,171.0,132,71.0,123.0,124.0,4.0,150.0,147.0,163,8.0,5.0,15.0,109.0,80.0,14.0,20.0,129.0,24.0,156.0,120.0,6.0,5.0,206.0,80.0,107,132.0,18.0,195.0,129.0
BL,155,20.0,1.0,31.0,No Data,19.0,18.0,33.0,75.0,34.0,24.0,27.0,104.0,42.0,50,26.0,No Data,No Data,23.0,29.0,32,1.0,9.0,33,29.0,8.0,20,48.0,1.0,18.0,No Data,No Data,20,12.0,No Data,20.0,43.0,33.0,57.0,60.0,32.0,43.0,45.0,1.0,29.0,80.0,2.0,41.0,71.0,33.0,No Data,18,22.0,51.0,No Data,47,43.0,49.0,50,52.0,16.0,25.0,22.0,18.0,No Data,35.0,2.0,No Data,5.0,67.0,34,52.0,22.0,25.0,25,No Data,3.0,No Data,24.0,19.0,1.0,3.0,44,No Data,37.0,No Data,No Data,No Data,31.0,29,46.0,No Data,20,2.0,No Data,37.0,No Data,61,87,No Data,13.0,No Data,No Data,1.0,103,22.0,18,15.0,77.0,7,36.0,25.0,1.0,23.0,46.0,39.0,29.0,No Data,41,No Data,21.0,No Data,27.0,22.0,2.0,19.0,26.0,13.0,1.0,1.0,22.0,No Data,26,23.0,13.0,28.0,88.0,34.0,56.0,33.0,1.0,103.0,11,42.0,53.0,No Data,No Data,No Data,16.0,No Data,21.0,26.0,58.0,31.0,39.0,19.0,2.0,58,38,31.0,33.0,47.0,1.0,No Data,31,1.0,18.0,No Data,No Data,106,1.0,20.0,No Data,44,17.0,32,1.0,1.0,1.0,25,47.0,87.0,No Data,15.0,No Data,27.0,46.0,31,No Data,8.0,27.0,No Data,84.0,No Data,119.0,19.0,No Data,No Data,2.0,124.0,30.0,62,32.0,No Data,35.0,1.0,83,43.0,26.0,46.0,33,1.0,18,111.0,21.0,11.0,No Data,No Data,34,4.0,36,66.0,24.0,13.0,57.0,No Data,56.0,21.0,No Data,No Data,2.0,16,No Data,40.0,63.0,1.0,15,1.0,11.0,No Data,13.0,47.0,9,No Data,38.0,1.0,No Data,13.0,137.0,53.0,43,27.0,No Data,No Data,53.0,32.0,33,No Data,36.0,34.0,30.0,2.0,78.0,94.0,44,No Data,No Data,No Data,23.0,No Data,102.0,No Data,32.0,33.0,31.0,49,23.0,22.0,No Data,14.0,24,2.0,22.0,No Data,No Data,No Data,39.0,48.0,48.0,34,No Data,22.0,33.0,No Data,20,42.0,1.0,43.0,47.0,51.0,140.0,No Data,1.0,No Data,No Data,No Data,No Data,22.0,No Data,No Data,18.0,60,50.0,53.0,No Data,1.0,52,No Data,38.0,1.0,1.0,34.0,1.0,39.0,13.0,42.0,32.0,25.0,1.0,23.0,1.0,No Data,4.0,41,16.0,55.0,No Data,40.0,37,26.0,26.0,28.0,No Data,45.0,39.0,12,1.0,No Data,2.0,50.0,8.0,No Data,1.0,40.0,No Data,12.0,19.0,No Data,1.0,54.0,25.0,38,14.0,1.0,18.0,24.0
BS,57,47.0,4.0,61.0,1.0,39.0,50.0,77.0,62.0,45.0,58.0,92.0,64.0,36.0,43,35.0,No Data,4.0,61.0,146.0,39,2.0,35.0,92,61.0,28.0,68,98.0,2.0,81.0,4.0,5.0,38,59.0,3.0,68.0,51.0,65.0,29.0,35.0,48.0,87.0,47.0,1.0,47.0,79.0,2.0,58.0,60.0,65.0,5.0,43,94.0,49.0,No Data,63,90.0,39.0,28,37.0,34.0,118.0,48.0,34.0,No Data,30.0,19.0,No Data,7.0,30.0,30,74.0,34.0,37.0,76,2.0,4.0,6.0,64.0,33.0,1.0,1.0,67,1.0,89.0,No Data,No Data,No Data,30.0,35,74.0,No Data,41,8.0,2.0,55.0,No Data,66,48,4.0,52.0,5.0,7.0,4.0,70,39.0,59,45.0,52.0,50,36.0,40.0,9.0,68.0,119.0,79.0,64.0,1.0,74,4.0,66.0,2.0,65.0,138.0,6.0,23.0,52.0,26.0,2.0,No Data,56.0,1.0,22,54.0,108.0,137.0,36.0,26.0,83.0,37.0,8.0,39.0,41,76.0,77.0,5.0,1.0,7.0,39.0,6.0,58.0,85.0,70.0,120.0,73.0,62.0,1.0,41,45,101.0,35.0,71.0,6.0,No Data,69,4.0,89.0,4.0,13.0,41,6.0,26.0,3.0,64,23.0,114,4.0,6.0,2.0,67,46.0,20.0,8.0,22.0,No Data,55.0,80.0,71,6.0,27.0,35.0,No Data,40.0,No Data,41.0,35.0,2.0,4.0,No Data,80.0,46.0,65,27.0,5.0,54.0,3.0,44,48.0,66.0,44.0,42,3.0,54,64.0,104.0,51.0,3.0,4.0,84,3.0,44,52.0,29.0,62.0,49.0,3.0,40.0,42.0,1.0,No Data,14.0,98,3.0,76.0,51.0,No Data,93,4.0,51.0,1.0,87.0,67.0,26,13.0,80.0,2.0,2.0,50.0,127.0,76.0,40,63.0,No Data,4.0,69.0,41.0,52,1.0,52.0,48.0,67.0,2.0,71.0,57.0,69,9.0,4.0,2.0,56.0,1.0,63.0,No Data,44.0,36.0,56.0,59,93.0,49.0,No Data,42.0,50,1.0,40.0,5.0,No Data,7.0,57.0,85.0,64.0,63,4.0,27.0,71.0,4.0,96,61.0,4.0,66.0,36.0,57.0,83.0,4.0,5.0,1.0,1.0,4.0,No Data,77.0,8.0,No Data,35.0,66,53.0,74.0,1.0,4.0,44,3.0,66.0,2.0,3.0,56.0,4.0,52.0,45.0,56.0,16.0,73.0,No Data,89.0,3.0,4.0,2.0,43,97.0,84.0,1.0,56.0,55,39.0,53.0,85.0,4.0,68.0,51.0,29,5.0,8.0,7.0,112.0,24.0,1.0,4.0,86.0,No Data,46.0,44.0,1.0,5.0,25.0,23.0,56,69.0,1.0,49.0,56.0
FR,103,65.0,4.0,53.0,No Data,64.0,33.0,84.0,87.0,67.0,75.0,54.0,46.0,59.0,82,66.0,No Data,No Data,50.0,53.0,86,No Data,38.0,45,44.0,41.0,70,70.0,2.0,61.0,3.0,1.0,68,182.0,No Data,47.0,68.0,73.0,78.0,73.0,78.0,59.0,71.0,No Data,78.0,55.0,3.0,51.0,61.0,96.0,1.0,72,54.0,65.0,No Data,68,94.0,84.0,90,53.0,57.0,76.0,48.0,73.0,No Data,87.0,No Data,1.0,10.0,63.0,82,52.0,223.0,70.0,61,No Data,1.0,No Data,69.0,46.0,No Data,No Data,44,4.0,67.0,No Data,No Data,No Data,49.0,86,79.0,No Data,47,No Data,1.0,75.0,No Data,73,82,1.0,77.0,2.0,No Data,No Data,77,59.0,53,82.0,86.0,61,73.0,56.0,4.0,76.0,51.0,67.0,68.0,No Data,41,1.0,73.0,No Data,44.0,62.0,No Data,32.0,83.0,50.0,No Data,2.0,59.0,1.0,76,80.0,57.0,77.0,48.0,39.0,63.0,61.0,1.0,51.0,48,70.0,50.0,2.0,No Data,No Data,77.0,No Data,72.0,63.0,58.0,73.0,91.0,84.0,1.0,73,54,62.0,42.0,79.0,1.0,1.0,82,1.0,65.0,4.0,1.0,127,No Data,95.0,1.0,42,51.0,66,2.0,1.0,No Data,63,69.0,76.0,No Data,29.0,No Data,79.0,73.0,53,1.0,60.0,62.0,3.0,99.0,No Data,73.0,60.0,2.0,No Data,No Data,71.0,123.0,51,80.0,No Data,72.0,No Data,68,84.0,73.0,69.0,74,No Data,56,51.0,69.0,40.0,4.0,7.0,84,No Data,93,86.0,107.0,40.0,84.0,No Data,70.0,60.0,3.0,No Data,No Data,94,No Data,67.0,94.0,No Data,73,2.0,46.0,No Data,155.0,156.0,62,No Data,49.0,No Data,4.0,77.0,72.0,66.0,209,79.0,No Data,2.0,137.0,42.0,72,No Data,68.0,69.0,70.0,1.0,42.0,46.0,92,No Data,No Data,1.0,67.0,6.0,88.0,3.0,82.0,87.0,55.0,72,35.0,115.0,No Data,59.0,38,6.0,63.0,1.0,1.0,1.0,66.0,75.0,55.0,62,1.0,60.0,90.0,4.0,73,69.0,4.0,67.0,53.0,137.0,56.0,2.0,1.0,6.0,2.0,4.0,1.0,75.0,3.0,No Data,52.0,59,94.0,72.0,2.0,2.0,83,2.0,67.0,1.0,No Data,76.0,No Data,49.0,60.0,49.0,60.0,80.0,No Data,59.0,2.0,1.0,No Data,134,63.0,86.0,No Data,44.0,43,56.0,57.0,64.0,1.0,58.0,95.0,70,No Data,2.0,2.0,63.0,55.0,No Data,No Data,68.0,No Data,54.0,93.0,No Data,4.0,70.0,28.0,81,59.0,No Data,46.0,56.0
GE,282,193.0,33.0,215.0,26.0,351.0,152.0,267.0,339.0,287.0,310.0,248.0,350.0,305.0,306,297.0,No Data,52.0,324.0,295.0,220,15.0,121.0,305,215.0,291.0,257,256.0,37.0,367.0,16.0,13.0,254,286.0,22.0,310.0,415.0,290.0,428.0,243.0,371.0,236.0,372.0,37.0,346.0,205.0,80.0,211.0,362.0,243.0,20.0,241,350.0,384.0,3.0,258,357.0,256.0,334,322.0,252.0,380.0,306.0,328.0,1.0,306.0,28.0,20.0,88.0,354.0,319,408.0,323.0,261.0,285,24.0,110.0,26.0,288.0,295.0,102.0,21.0,328,9.0,318.0,1.0,2.0,3.0,335.0,275,258.0,1.0,314,41.0,15.0,319.0,1.0,268,278,28.0,237.0,33.0,21.0,29.0,312,283.0,269,263.0,339.0,269,343.0,241.0,39.0,258.0,338.0,331.0,321.0,23.0,354,30.0,335.0,15.0,320.0,267.0,18.0,197.0,288.0,1189.0,41.0,40.0,281.0,19.0,167,328.0,419.0,402.0,258.0,181.0,295.0,270.0,35.0,265.0,279,265.0,215.0,52.0,34.0,32.0,196.0,23.0,323.0,293.0,361.0,397.0,285.0,350.0,12.0,335,235,217.0,237.0,368.0,35.0,16.0,357,34.0,223.0,33.0,17.0,312,30.0,233.0,6.0,323,283.0,304,37.0,41.0,26.0,299,276.0,363.0,19.0,159.0,30.0,262.0,648.0,324,28.0,177.0,259.0,36.0,240.0,1.0,401.0,229.0,19.0,23.0,34.0,274.0,244.0,260,348.0,30.0,255.0,37.0,205,252.0,242.0,381.0,180,15.0,297,319.0,279.0,207.0,10.0,15.0,359,35.0,202,326.0,172.0,262.0,266.0,29.0,330.0,191.0,19.0,1.0,29.0,287,22.0,302.0,419.0,2.0,273,24.0,311.0,15.0,257.0,352.0,212,31.0,249.0,20.0,22.0,170.0,386.0,315.0,284,350.0,No Data,31.0,222.0,221.0,281,12.0,217.0,243.0,231.0,30.0,204.0,261.0,259,1.0,No Data,13.0,261.0,22.0,219.0,9.0,246.0,351.0,211.0,504,189.0,228.0,2.0,349.0,283,26.0,216.0,11.0,32.0,34.0,314.0,351.0,336.0,309,23.0,141.0,290.0,29.0,205,303.0,9.0,353.0,263.0,328.0,317.0,33.0,27.0,18.0,34.0,19.0,20.0,300.0,36.0,No Data,212.0,282,359.0,364.0,68.0,35.0,336,23.0,370.0,37.0,18.0,352.0,33.0,271.0,276.0,419.0,271.0,255.0,3.0,230.0,36.0,34.0,31.0,395,262.0,483.0,19.0,216.0,278,239.0,273.0,246.0,42.0,342.0,371.0,236,13.0,17.0,24.0,255.0,1115.0,15.0,12.0,327.0,13.0,225.0,160.0,29.0,20.0,368.0,112.0,358,345.0,38.0,222.0,253.0
GL,8,1.0,1.0,3.0,No Data,6.0,1.0,6.0,3.0,7.0,2.0,4.0,2.0,2.0,3,5.0,No Data,No Data,2.0,1.0,3,No Data,No Data,3,No Data,7.0,3,8.0,No Data,3.0,No Data,No Data,4,7.0,1.0,6.0,6.0,5.0,5.0,3.0,3.0,7.0,14.0,No Data,1.0,7.0,No Data,5.0,9.0,1.0,No Data,3,2.0,4.0,No Data,3,3.0,6.0,5,3.0,1.0,No Data,1.0,3.0,No Data,5.0,1.0,No Data,No Data,2.0,1,7.0,3.0,No Data,1,No Data,No Data,No Data,2.0,1.0,No Data,No Data,3,No Data,3.0,No Data,No Data,No Data,4.0,3,7.0,No Data,5,No Data,No Data,1.0,No Data,9,2,No Data,5.0,No Data,No Data,No Data,3,No Data,1,8.0,4.0,6,2.0,1.0,No Data,5.0,3.0,4.0,2.0,No Data,2,No Data,4.0,No Data,1.0,6.0,2.0,7.0,4.0,No Data,No Data,No Data,5.0,No Data,2,1.0,5.0,1.0,1.0,3.0,11.0,2.0,No Data,2.0,1,No Data,2.0,No Data,No Data,No Data,2.0,No Data,1.0,7.0,1.0,8.0,4.0,2.0,No Data,1,4,No Data,3.0,6.0,No Data,No Data,9,No Data,4.0,No Data,No Data,2,No Data,2.0,No Data,1,8.0,12,No Data,No Data,No Data,5,2.0,2.0,No Data,2.0,No Data,6.0,12.0,6,No Data,2.0,3.0,No Data,2.0,No Data,1.0,No Data,No Data,No Data,No Data,No Data,1.0,3,3.0,No Data,3.0,No Data,1,5.0,7.0,2.0,1,No Data,3,4.0,5.0,1.0,No Data,2.0,10,1.0,4,1.0,2.0,No Data,2.0,No Data,4.0,No Data,No Data,No Data,No Data,6,No Data,2.0,8.0,No Data,2,No Data,2.0,No Data,4.0,2.0,2,No Data,5.0,No Data,No Data,4.0,2.0,7.0,6,6.0,No Data,No Data,7.0,No Data,6,No Data,2.0,9.0,6.0,No Data,3.0,4.0,5,No Data,No Data,No Data,4.0,No Data,3.0,No Data,5.0,5.0,2.0,4,4.0,2.0,No Data,5.0,6,No Data,3.0,No Data,No Data,No Data,3.0,7.0,8.0,2,No Data,4.0,2.0,No Data,2,6.0,No Data,2.0,2.0,4.0,No Data,No Data,No Data,No Data,No Data,No Data,No Data,5.0,No Data,No Data,2.0,1,34.0,2.0,No Data,No Data,4,No Data,2.0,No Data,No Data,2.0,No Data,4.0,1.0,4.0,2.0,2.0,No Data,4.0,No Data,No Data,No Data,4,4.0,No Data,No Data,2.0,9,3.0,3.0,4.0,No Data,2.0,13.0,1,No Data,1.0,No Data,2.0,5.0,No Data,No Data,7.0,No Data,1.0,5.0,No Data,No Data,4.0,No Data,1,3.0,No Data,6.0,5.0
GR,22,38.0,No Data,25.0,9.0,23.0,8.0,40.0,196.0,42.0,43.0,29.0,12.0,24.0,92,13.0,No Data,2.0,23.0,16.0,25,4.0,17.0,15,10.0,31.0,18,38.0,3.0,21.0,2.0,3.0,40,89.0,4.0,17.0,29.0,98.0,36.0,54.0,22.0,27.0,34.0,No Data,42.0,35.0,4.0,57.0,28.0,43.0,2.0,16,19.0,63.0,No Data,71,28.0,46.0,6,40.0,15.0,18.0,19.0,17.0,1.0,15.0,No Data,No Data,5.0,53.0,26,19.0,51.0,60.0,11,22.0,6.0,1.0,14.0,31.0,3.0,No Data,37,4.0,18.0,No Data,No Data,No Data,33.0,19,29.0,No Data,13,No Data,10.0,43.0,No Data,45,39,23.0,21.0,No Data,5.0,3.0,33,13.0,67,19.0,28.0,14,97.0,25.0,7.0,51.0,43.0,57.0,21.0,4.0,19,No Data,29.0,No Data,20.0,14.0,5.0,43.0,38.0,37.0,No Data,2.0,41.0,9.0,54,30.0,23.0,26.0,15.0,34.0,45.0,24.0,43.0,27.0,13,8.0,33.0,No Data,No Data,No Data,41.0,7.0,18.0,27.0,12.0,18.0,59.0,15.0,1.0,109,23,42.0,25.0,21.0,1.0,4.0,8,12.0,12.0,1.0,3.0,65,3.0,31.0,10.0,21,41.0,40,No Data,10.0,1.0,21,32.0,79.0,No Data,7.0,11.0,32.0,18.0,78,1.0,44.0,33.0,13.0,30.0,No Data,40.0,34.0,2.0,No Data,1.0,20.0,3.0,24,10.0,3.0,17.0,No Data,33,60.0,49.0,21.0,34,6.0,23,24.0,28.0,3.0,1.0,2.0,18,1.0,66,21.0,44.0,10.0,43.0,No Data,35.0,74.0,1.0,No Data,1.0,71,No Data,35.0,20.0,1.0,14,2.0,13.0,1.0,37.0,98.0,12,6.0,20.0,No Data,5.0,8.0,29.0,35.0,6,24.0,No Data,39.0,59.0,16.0,26,1.0,41.0,49.0,35.0,11.0,38.0,37.0,65,No Data,1.0,No Data,25.0,35.0,92.0,9.0,42.0,24.0,11.0,30,13.0,43.0,No Data,18.0,31,No Data,56.0,23.0,1.0,31.0,58.0,22.0,24.0,98,No Data,37.0,12.0,17.0,37,32.0,6.0,13.0,72.0,39.0,31.0,No Data,2.0,No Data,4.0,2.0,5.0,15.0,11.0,No Data,23.0,57,31.0,24.0,No Data,12.0,13,1.0,20.0,No Data,3.0,9.0,3.0,58.0,14.0,24.0,42.0,11.0,No Data,17.0,1.0,1.0,6.0,17,72.0,28.0,1.0,27.0,94,5.0,43.0,22.0,3.0,10.0,65.0,49,1.0,No Data,1.0,32.0,22.0,2.0,1.0,77.0,5.0,60.0,20.0,1.0,1.0,85.0,16.0,24,97.0,No Data,35.0,18.0
JU,55,161.0,No Data,46.0,No Data,32.0,28.0,42.0,31.0,47.0,27.0,43.0,35.0,28.0,32,34.0,No Data,No Data,45.0,36.0,72,No Data,91.0,41,29.0,30.0,36,29.0,No Data,33.0,No Data,No Data,33,45.0,No Data,43.0,34.0,38.0,42.0,31.0,36.0,41.0,24.0,No Data,29.0,51.0,No Data,126.0,34.0,45.0,No Data,40,45.0,42.0,No Data,40,41.0,34.0,44,37.0,34.0,40.0,32.0,41.0,No Data,52.0,No Data,No Data,9.0,28.0,45,32.0,34.0,39.0,40,No Data,No Data,No Data,47.0,37.0,No Data,No Data,42,No Data,42.0,No Data,No Data,No Data,27.0,43,33.0,No Data,33,No Data,No Data,53.0,No Data,31,33,No Data,44.0,No Data,No Data,No Data,43,30.0,48,37.0,29.0,30,29.0,37.0,No Data,45.0,43.0,24.0,43.0,No Data,46,No Data,38.0,No Data,41.0,37.0,No Data,139.0,29.0,33.0,No Data,No Data,38.0,No Data,49,42.0,42.0,33.0,33.0,26.0,30.0,26.0,No Data,41.0,37,37.0,58.0,No Data,No Data,No Data,38.0,No Data,44.0,41.0,34.0,36.0,50.0,29.0,No Data,34,39,34.0,27.0,28.0,No Data,No Data,37,No Data,36.0,No Data,No Data,51,No Data,37.0,No Data,44,37.0,50,No Data,2.0,No Data,43,47.0,40.0,No Data,14.0,No Data,36.0,42.0,465,No Data,34.0,49.0,No Data,33.0,No Data,33.0,38.0,No Data,No Data,No Data,42.0,45.0,40,51.0,No Data,35.0,No Data,41,46.0,39.0,23.0,46,No Data,39,41.0,27.0,20.0,No Data,No Data,37,No Data,37,42.0,43.0,41.0,43.0,No Data,31.0,51.0,No Data,No Data,No Data,40,No Data,33.0,58.0,No Data,43,1.0,32.0,No Data,39.0,35.0,33,No Data,26.0,No Data,No Data,23.0,38.0,31.0,48,38.0,No Data,No Data,53.0,31.0,42,No Data,41.0,27.0,32.0,No Data,43.0,44.0,45,No Data,No Data,No Data,38.0,No Data,42.0,No Data,40.0,42.0,43.0,44,7.0,47.0,No Data,37.0,36,No Data,74.0,No Data,No Data,No Data,29.0,35.0,40.0,51,No Data,36.0,38.0,No Data,43,36.0,No Data,30.0,65.0,29.0,43.0,No Data,No Data,No Data,No Data,No Data,No Data,43.0,No Data,No Data,152.0,299,36.0,41.0,No Data,No Data,34,No Data,33.0,No Data,No Data,30.0,No Data,30.0,38.0,38.0,66.0,38.0,No Data,29.0,No Data,No Data,No Data,35,84.0,44.0,No Data,28.0,141,30.0,45.0,34.0,No Data,32.0,37.0,40,No Data,No Data,No Data,41.0,49.0,No Data,No Data,19.0,No Data,46.0,44.0,No Data,No Data,23.0,29.0,40,35.0,No Data,27.0,43.0
LU,36,34.0,3.0,33.0,2.0,47.0,24.0,51.0,64.0,35.0,35.0,35.0,15.0,36.0,57,44.0,No Data,6.0,24.0,40.0,55,2.0,19.0,21,26.0,48.0,30,25.0,5.0,36.0,10.0,1.0,51,53.0,No Data,60.0,44.0,86.0,95.0,52.0,46.0,18.0,51.0,1.0,54.0,35.0,No Data,36.0,51.0,56.0,No Data,35,36.0,30.0,No Data,31,62.0,48.0,37,42.0,37.0,35.0,67.0,17.0,No Data,73.0,3.0,3.0,10.0,40.0,23,44.0,51.0,28.0,19,1.0,2.0,4.0,60.0,29.0,No Data,No Data,33,10.0,49.0,1.0,No Data,No Data,48.0,57,62.0,No Data,25,No Data,1.0,19.0,No Data,33,48,1.0,39.0,3.0,2.0,5.0,48,25.0,28,18.0,46.0,40,56.0,47.0,2.0,61.0,31.0,27.0,55.0,3.0,40,6.0,43.0,2.0,60.0,50.0,2.0,44.0,78.0,37.0,1.0,No Data,30.0,1.0,76,64.0,34.0,23.0,22.0,53.0,52.0,53.0,5.0,41.0,23,35.0,59.0,2.0,4.0,9.0,59.0,1.0,100.0,31.0,91.0,50.0,63.0,31.0,12.0,36,27,52.0,48.0,79.0,2.0,2.0,39,4.0,39.0,2.0,5.0,32,1.0,24.0,2.0,38,28.0,38,No Data,2.0,2.0,31,27.0,72.0,2.0,13.0,6.0,54.0,46.0,25,3.0,41.0,45.0,1.0,63.0,No Data,32.0,33.0,No Data,2.0,5.0,49.0,49.0,49,36.0,No Data,55.0,3.0,59,32.0,117.0,24.0,31,No Data,36,35.0,39.0,27.0,No Data,4.0,28,1.0,25,48.0,48.0,49.0,45.0,2.0,23.0,57.0,1.0,No Data,2.0,28,2.0,68.0,91.0,No Data,35,3.0,22.0,3.0,27.0,60.0,40,1.0,37.0,3.0,4.0,26.0,28.0,23.0,46,47.0,No Data,1.0,87.0,27.0,42,1.0,68.0,33.0,41.0,1.0,48.0,66.0,36,No Data,No Data,1.0,47.0,2.0,85.0,1.0,65.0,55.0,52.0,50,34.0,35.0,No Data,54.0,61,1.0,32.0,4.0,No Data,2.0,51.0,51.0,33.0,65,13.0,44.0,29.0,No Data,73,44.0,3.0,44.0,27.0,34.0,51.0,5.0,1.0,1.0,5.0,8.0,2.0,24.0,3.0,No Data,49.0,41,32.0,65.0,1.0,1.0,58,3.0,49.0,No Data,2.0,51.0,No Data,73.0,29.0,25.0,44.0,35.0,3.0,32.0,1.0,4.0,4.0,78,44.0,110.0,1.0,57.0,39,21.0,28.0,25.0,3.0,49.0,72.0,114,1.0,2.0,4.0,65.0,56.0,1.0,5.0,28.0,No Data,55.0,44.0,1.0,No Data,51.0,30.0,61,30.0,4.0,51.0,21.0
NE,31,29.0,No Data,29.0,9.0,44.0,20.0,36.0,52.0,30.0,55.0,50.0,42.0,38.0,80,64.0,No Data,2.0,66.0,30.0,20,1.0,13.0,35,23.0,26.0,51,60.0,9.0,49.0,9.0,1.0,47,28.0,5.0,39.0,79.0,74.0,34.0,24.0,47.0,26.0,42.0,No Data,62.0,32.0,4.0,33.0,56.0,35.0,1.0,43,32.0,26.0,No Data,52,67.0,43.0,29,67.0,39.0,91.0,43.0,35.0,No Data,41.0,1.0,7.0,11.0,68.0,40,58.0,32.0,45.0,35,3.0,7.0,No Data,61.0,33.0,5.0,1.0,35,12.0,67.0,No Data,No Data,No Data,39.0,41,41.0,No Data,27,8.0,6.0,57.0,No Data,64,34,3.0,30.0,7.0,6.0,2.0,39,34.0,30,45.0,62.0,35,94.0,100.0,10.0,27.0,71.0,57.0,39.0,12.0,61,1.0,46.0,4.0,29.0,32.0,No Data,24.0,47.0,24.0,3.0,2.0,44.0,1.0,37,48.0,38.0,36.0,29.0,22.0,62.0,40.0,26.0,44.0,35,35.0,39.0,6.0,9.0,10.0,34.0,1.0,51.0,36.0,50.0,76.0,39.0,62.0,3.0,76,37,32.0,28.0,48.0,1.0,5.0,26,3.0,40.0,21.0,4.0,27,3.0,31.0,1.0,208,23.0,32,6.0,4.0,6.0,28,35.0,81.0,No Data,12.0,No Data,37.0,56.0,43,10.0,23.0,65.0,1.0,28.0,No Data,60.0,45.0,7.0,12.0,4.0,37.0,26.0,49,34.0,2.0,38.0,4.0,30,30.0,86.0,46.0,18,2.0,31,38.0,58.0,16.0,1.0,4.0,50,3.0,27,36.0,30.0,40.0,22.0,1.0,40.0,31.0,3.0,No Data,6.0,30,1.0,34.0,79.0,No Data,44,5.0,41.0,5.0,41.0,36.0,31,8.0,51.0,4.0,1.0,25.0,32.0,65.0,38,45.0,No Data,4.0,43.0,35.0,64,6.0,29.0,33.0,43.0,No Data,42.0,35.0,31,No Data,1.0,12.0,51.0,2.0,32.0,No Data,36.0,63.0,35.0,62,19.0,29.0,No Data,30.0,33,1.0,28.0,7.0,7.0,5.0,54.0,47.0,32.0,32,4.0,42.0,53.0,4.0,36,71.0,1.0,49.0,34.0,69.0,53.0,No Data,4.0,No Data,1.0,24.0,10.0,36.0,8.0,No Data,23.0,37,51.0,38.0,2.0,No Data,54,1.0,42.0,2.0,No Data,57.0,1.0,79.0,33.0,44.0,27.0,37.0,No Data,25.0,8.0,2.0,2.0,35,31.0,55.0,1.0,27.0,32,31.0,25.0,32.0,1.0,66.0,67.0,23,14.0,1.0,1.0,92.0,31.0,8.0,2.0,49.0,No Data,40.0,27.0,8.0,10.0,45.0,24.0,58,28.0,6.0,36.0,29.0
NW,14,2.0,No Data,4.0,No Data,6.0,1.0,24.0,8.0,4.0,18.0,70.0,1.0,2.0,8,8.0,No Data,No Data,No Data,2.0,8,No Data,No Data,2,4.0,3.0,2,8.0,No Data,3.0,No Data,No Data,3,2.0,1.0,No Data,4.0,5.0,15.0,5.0,7.0,3.0,53.0,No Data,4.0,9.0,2.0,No Data,6.0,11.0,No Data,5,1.0,4.0,No Data,2,5.0,14.0,4,1.0,4.0,3.0,6.0,8.0,No Data,16.0,No Data,No Data,No Data,5.0,2,11.0,8.0,1.0,1,No Data,No Data,No Data,1.0,1.0,No Data,1.0,4,1.0,9.0,No Data,No Data,No Data,4.0,23,30.0,No Data,8,No Data,No Data,1.0,No Data,3,2,No Data,3.0,No Data,1.0,No Data,31,19.0,1,33.0,5.0,1,12.0,2.0,No Data,1.0,1.0,3.0,5.0,No Data,3,No Data,7.0,No Data,3.0,1.0,No Data,3.0,18.0,2.0,No Data,No Data,12.0,No Data,1,No Data,9.0,1.0,5.0,No Data,3.0,12.0,No Data,No Data,1,2.0,1.0,No Data,No Data,No Data,No Data,No Data,7.0,No Data,5.0,6.0,1.0,3.0,No Data,6,2,2.0,9.0,8.0,No Data,No Data,3,No Data,1.0,No Data,No Data,8,No Data,2.0,No Data,8,3.0,4,No Data,No Data,No Data,11,4.0,6.0,No Data,2.0,2.0,2.0,6.0,4,No Data,1.0,No Data,No Data,2.0,No Data,4.0,4.0,No Data,No Data,No Data,2.0,2.0,3,No Data,No Data,5.0,No Data,3,2.0,3.0,56.0,6,No Data,10,9.0,16.0,1.0,No Data,No Data,25,No Data,1,5.0,2.0,2.0,No Data,No Data,34.0,1.0,No Data,No Data,No Data,6,No Data,4.0,5.0,No Data,9,No Data,3.0,No Data,2.0,2.0,1,No Data,5.0,No Data,No Data,3.0,3.0,5.0,2,10.0,No Data,No Data,13.0,2.0,8,No Data,7.0,1.0,4.0,No Data,4.0,2.0,5,No Data,No Data,No Data,1.0,No Data,5.0,No Data,5.0,9.0,5.0,6,1.0,3.0,No Data,5.0,8,No Data,No Data,No Data,No Data,No Data,1.0,10.0,3.0,4,No Data,No Data,3.0,No Data,2,7.0,1.0,2.0,3.0,73.0,3.0,No Data,1.0,No Data,No Data,No Data,No Data,4.0,No Data,No Data,4.0,1,7.0,13.0,No Data,No Data,7,No Data,5.0,No Data,No Data,50.0,No Data,4.0,6.0,1.0,1.0,6.0,No Data,3.0,No Data,No Data,No Data,9,1.0,34.0,No Data,3.0,3,1.0,No Data,1.0,No Data,7.0,7.0,10,No Data,No Data,No Data,1.0,12.0,No Data,No Data,15.0,No Data,No Data,5.0,No Data,No Data,6.0,3.0,4,5.0,No Data,4.0,3.0
OW,4,1.0,No Data,3.0,No Data,11.0,7.0,12.0,20.0,8.0,6.0,39.0,14.0,2.0,9,8.0,No Data,No Data,7.0,36.0,5,No Data,3.0,4,3.0,14.0,2,13.0,No Data,3.0,No Data,No Data,12,No Data,No Data,4.0,12.0,9.0,5.0,3.0,6.0,3.0,10.0,No Data,10.0,5.0,3.0,25.0,14.0,4.0,No Data,4,11.0,2.0,No Data,11,No Data,5.0,7,No Data,5.0,5.0,4.0,2.0,No Data,1.0,No Data,No Data,No Data,6.0,9,9.0,9.0,5.0,1,No Data,No Data,1.0,9.0,5.0,No Data,1.0,5,No Data,7.0,No Data,No Data,No Data,5.0,5,2.0,No Data,4,No Data,No Data,7.0,No Data,6,11,1.0,2.0,No Data,6.0,No Data,5,3.0,5,1.0,10.0,4,12.0,4.0,2.0,2.0,4.0,8.0,5.0,No Data,2,No Data,4.0,No Data,16.0,3.0,1.0,6.0,4.0,4.0,No Data,No Data,2.0,1.0,5,12.0,3.0,3.0,No Data,19.0,22.0,1.0,No Data,9.0,3,11.0,9.0,No Data,No Data,No Data,84.0,No Data,1.0,5.0,No Data,6.0,5.0,6.0,No Data,18,8,3.0,No Data,6.0,No Data,No Data,2,No Data,4.0,No Data,No Data,18,1.0,11.0,No Data,4,12.0,5,No Data,No Data,No Data,2,4.0,4.0,No Data,4.0,No Data,2.0,No Data,10,No Data,1.0,8.0,No Data,4.0,No Data,25.0,No Data,No Data,No Data,No Data,4.0,40.0,2,19.0,No Data,3.0,1.0,1,8.0,8.0,9.0,6,No Data,2,7.0,8.0,1.0,No Data,2.0,8,No Data,3,3.0,4.0,8.0,2.0,No Data,8.0,9.0,No Data,No Data,No Data,2,No Data,9.0,3.0,No Data,2,No Data,3.0,1.0,2.0,1.0,2,No Data,39.0,No Data,No Data,113.0,3.0,10.0,2,4.0,No Data,No Data,7.0,1.0,11,No Data,1.0,13.0,1.0,No Data,1.0,6.0,5,No Data,No Data,No Data,3.0,No Data,4.0,No Data,1.0,7.0,3.0,6,6.0,1.0,No Data,6.0,17,No Data,2.0,No Data,No Data,No Data,4.0,1.0,4.0,4,No Data,5.0,7.0,No Data,7,34.0,1.0,7.0,5.0,7.0,19.0,1.0,17.0,No Data,No Data,No Data,1.0,10.0,1.0,No Data,8.0,4,15.0,3.0,1.0,No Data,1,No Data,14.0,No Data,No Data,4.0,No Data,6.0,6.0,5.0,25.0,1.0,No Data,5.0,No Data,2.0,1.0,1,4.0,5.0,1.0,2.0,8,1.0,3.0,6.0,No Data,12.0,8.0,15,1.0,No Data,No Data,9.0,4.0,No Data,No Data,12.0,No Data,6.0,13.0,No Data,No Data,7.0,5.0,7,2.0,No Data,7.0,22.0
SG,11,36.0,No Data,59.0,3.0,41.0,13.0,47.0,60.0,33.0,55.0,51.0,28.0,61.0,142,39.0,No Data,2.0,41.0,30.0,45,2.0,22.0,32,37.0,22.0,38,60.0,2.0,20.0,3.0,1.0,38,48.0,No Data,27.0,57.0,66.0,34.0,46.0,35.0,18.0,62.0,1.0,45.0,37.0,1.0,31.0,58.0,49.0,No Data,20,23.0,20.0,No Data,44,58.0,49.0,33,68.0,37.0,32.0,61.0,11.0,2.0,44.0,3.0,1.0,7.0,105.0,18,66.0,43.0,14.0,45,6.0,3.0,5.0,27.0,7.0,6.0,No Data,48,4.0,101.0,No Data,2.0,1.0,54.0,59,37.0,No Data,3,3.0,2.0,27.0,No Data,51,54,No Data,25.0,No Data,No Data,2.0,74,50.0,28,77.0,55.0,47,100.0,21.0,1.0,25.0,102.0,68.0,89.0,6.0,76,3.0,34.0,3.0,36.0,28.0,3.0,33.0,45.0,12.0,No Data,1.0,87.0,1.0,45,53.0,31.0,26.0,13.0,23.0,89.0,39.0,3.0,24.0,35,23.0,32.0,5.0,9.0,8.0,34.0,2.0,60.0,15.0,55.0,39.0,47.0,61.0,8.0,61,33,25.0,54.0,56.0,2.0,3.0,26,3.0,36.0,1.0,No Data,19,6.0,24.0,No Data,79,19.0,29,13.0,1.0,4.0,40,32.0,89.0,No Data,25.0,No Data,31.0,44.0,29,5.0,49.0,48.0,2.0,42.0,No Data,69.0,17.0,No Data,3.0,2.0,27.0,17.0,49,17.0,No Data,44.0,2.0,58,30.0,34.0,47.0,39,1.0,22,20.0,49.0,18.0,3.0,8.0,56,1.0,30,29.0,17.0,25.0,50.0,1.0,65.0,22.0,5.0,No Data,1.0,34,1.0,68.0,85.0,No Data,19,No Data,18.0,1.0,18.0,26.0,51,3.0,67.0,No Data,3.0,38.0,27.0,40.0,24,43.0,No Data,No Data,65.0,43.0,49,2.0,66.0,28.0,37.0,2.0,56.0,32.0,34,No Data,No Data,No Data,44.0,2.0,32.0,3.0,44.0,60.0,25.0,40,28.0,58.0,No Data,20.0,52,No Data,12.0,3.0,3.0,4.0,52.0,77.0,32.0,53,2.0,26.0,23.0,2.0,41,48.0,2.0,34.0,21.0,53.0,41.0,No Data,4.0,3.0,1.0,4.0,4.0,46.0,No Data,No Data,26.0,32,60.0,60.0,No Data,2.0,51,1.0,47.0,1.0,No Data,45.0,4.0,99.0,22.0,36.0,87.0,30.0,No Data,24.0,1.0,1.0,2.0,60,39.0,76.0,3.0,42.0,28,27.0,22.0,23.0,2.0,30.0,60.0,40,7.0,2.0,4.0,31.0,21.0,1.0,2.0,66.0,1.0,38.0,20.0,3.0,No Data,97.0,41.0,41,20.0,1.0,31.0,22.0
SH,8,2.0,No Data,1.0,No Data,3.0,6.0,12.0,5.0,11.0,24.0,3.0,7.0,3.0,6,23.0,No Data,No Data,1.0,6.0,11,No Data,No Data,3,6.0,5.0,3,7.0,No Data,6.0,No Data,No Data,13,5.0,No Data,1.0,5.0,2.0,6.0,11.0,3.0,6.0,17.0,1.0,5.0,7.0,No Data,No Data,1.0,4.0,No Data,2,7.0,1.0,No Data,5,13.0,11.0,6,14.0,1.0,1.0,3.0,3.0,No Data,10.0,No Data,No Data,No Data,6.0,4,8.0,3.0,2.0,5,No Data,No Data,No Data,5.0,12.0,No Data,No Data,3,No Data,6.0,No Data,No Data,No Data,6.0,16,11.0,No Data,7,No Data,No Data,1.0,No Data,4,7,No Data,4.0,No Data,No Data,No Data,2,6.0,3,9.0,2.0,18,1.0,2.0,No Data,4.0,3.0,8.0,1.0,No Data,10,No Data,4.0,No Data,10.0,2.0,No Data,2.0,3.0,7.0,No Data,No Data,10.0,No Data,2,3.0,15.0,4.0,2.0,1.0,2.0,8.0,No Data,No Data,12,4.0,8.0,No Data,No Data,No Data,7.0,No Data,3.0,5.0,2.0,2.0,27.0,18.0,No Data,7,1,3.0,1.0,3.0,No Data,No Data,4,No Data,5.0,No Data,No Data,4,No Data,3.0,No Data,7,1.0,5,No Data,2.0,No Data,5,10.0,5.0,No Data,No Data,No Data,3.0,4.0,4,1.0,1.0,No Data,No Data,8.0,No Data,7.0,2.0,No Data,No Data,No Data,3.0,11.0,2,9.0,No Data,2.0,No Data,1,14.0,1.0,14.0,2,No Data,3,6.0,3.0,8.0,No Data,No Data,16,No Data,3,15.0,9.0,4.0,6.0,No Data,25.0,6.0,No Data,No Data,No Data,7,No Data,7.0,3.0,2.0,2,No Data,14.0,No Data,2.0,7.0,2,No Data,4.0,No Data,No Data,7.0,3.0,4.0,11,5.0,No Data,No Data,13.0,1.0,4,No Data,6.0,1.0,12.0,No Data,12.0,5.0,10,No Data,No Data,No Data,2.0,No Data,12.0,No Data,2.0,8.0,17.0,8,3.0,15.0,No Data,4.0,3,No Data,2.0,No Data,No Data,No Data,3.0,18.0,2.0,6,No Data,4.0,3.0,No Data,3,2.0,No Data,3.0,4.0,3.0,1.0,No Data,No Data,No Data,No Data,No Data,No Data,4.0,No Data,No Data,2.0,1,3.0,19.0,No Data,No Data,9,1.0,3.0,No Data,No Data,14.0,No Data,No Data,7.0,5.0,4.0,6.0,No Data,6.0,No Data,No Data,No Data,6,4.0,10.0,No Data,4.0,2,No Data,4.0,4.0,No Data,8.0,1.0,5,No Data,2.0,1.0,2.0,12.0,No Data,No Data,3.0,No Data,1.0,4.0,No Data,No Data,11.0,4.0,6,No Data,No Data,8.0,4.0
SO,12,24.0,No Data,24.0,No Data,21.0,22.0,29.0,34.0,31.0,39.0,21.0,22.0,25.0,41,43.0,No Data,3.0,25.0,17.0,5,1.0,20.0,18,21.0,12.0,28,46.0,No Data,17.0,1.0,2.0,25,20.0,3.0,28.0,67.0,13.0,23.0,28.0,70.0,14.0,15.0,No Data,38.0,37.0,No Data,18.0,36.0,31.0,3.0,9,30.0,14.0,No Data,44,36.0,34.0,25,23.0,23.0,32.0,50.0,13.0,No Data,23.0,6.0,No Data,4.0,36.0,29,33.0,15.0,14.0,34,3.0,No Data,No Data,41.0,14.0,No Data,3.0,35,No Data,56.0,No Data,No Data,No Data,32.0,44,17.0,No Data,22,No Data,No Data,31.0,No Data,20,19,1.0,11.0,4.0,No Data,1.0,36,53.0,30,39.0,33.0,4,23.0,29.0,1.0,31.0,23.0,33.0,58.0,3.0,28,1.0,31.0,No Data,30.0,11.0,4.0,11.0,30.0,21.0,1.0,1.0,36.0,No Data,28,62.0,17.0,57.0,21.0,16.0,37.0,30.0,1.0,38.0,29,15.0,22.0,No Data,2.0,No Data,11.0,1.0,27.0,26.0,47.0,24.0,36.0,21.0,No Data,36,20,45.0,20.0,35.0,No Data,2.0,19,1.0,27.0,No Data,No Data,36,1.0,14.0,No Data,56,9.0,19,1.0,1.0,1.0,40,22.0,22.0,No Data,9.0,No Data,18.0,58.0,17,1.0,19.0,28.0,1.0,25.0,No Data,15.0,22.0,No Data,No Data,No Data,20.0,14.0,23,28.0,No Data,34.0,No Data,25,24.0,23.0,53.0,26,No Data,15,26.0,33.0,17.0,No Data,2.0,61,No Data,20,36.0,9.0,12.0,33.0,No Data,36.0,20.0,No Data,No Data,1.0,23,No Data,24.0,25.0,No Data,21,No Data,23.0,No Data,14.0,16.0,12,No Data,26.0,No Data,No Data,32.0,23.0,113.0,21,33.0,No Data,No Data,27.0,28.0,29,No Data,31.0,15.0,32.0,No Data,22.0,21.0,27,No Data,No Data,1.0,21.0,3.0,13.0,No Data,21.0,31.0,14.0,61,28.0,27.0,No Data,16.0,22,No Data,22.0,No Data,No Data,4.0,44.0,30.0,5.0,25,No Data,6.0,20.0,1.0,32,35.0,No Data,39.0,16.0,22.0,27.0,No Data,1.0,1.0,No Data,No Data,1.0,36.0,1.0,No Data,19.0,34,19.0,18.0,No Data,No Data,12,2.0,32.0,No Data,1.0,32.0,No Data,29.0,11.0,31.0,23.0,42.0,No Data,19.0,No Data,No Data,No Data,38,15.0,29.0,1.0,33.0,18,21.0,35.0,19.0,2.0,36.0,39.0,24,No Data,4.0,No Data,25.0,21.0,No Data,No Data,43.0,No Data,22.0,17.0,No Data,2.0,25.0,11.0,51,7.0,1.0,34.0,24.0
SZ,3,16.0,3.0,11.0,No Data,6.0,15.0,7.0,9.0,17.0,13.0,16.0,5.0,3.0,14,12.0,No Data,1.0,1.0,13.0,12,No Data,4.0,12,8.0,2.0,24,6.0,No Data,5.0,No Data,No Data,18,17.0,1.0,7.0,17.0,5.0,7.0,14.0,2.0,2.0,11.0,No Data,7.0,8.0,No Data,7.0,14.0,20.0,No Data,5,8.0,9.0,No Data,3,18.0,10.0,1,12.0,4.0,13.0,4.0,7.0,No Data,4.0,1.0,No Data,1.0,11.0,20,8.0,4.0,2.0,25,1.0,No Data,No Data,15.0,7.0,No Data,No Data,11,No Data,11.0,No Data,No Data,No Data,14.0,7,9.0,1.0,7,No Data,1.0,12.0,No Data,9,12,No Data,7.0,2.0,No Data,No Data,8,9.0,8,15.0,10.0,11,15.0,8.0,1.0,11.0,10.0,9.0,9.0,2.0,18,2.0,15.0,No Data,6.0,7.0,No Data,4.0,7.0,10.0,No Data,No Data,5.0,1.0,15,15.0,5.0,7.0,7.0,6.0,14.0,3.0,No Data,3.0,4,9.0,20.0,No Data,1.0,No Data,12.0,No Data,7.0,8.0,18.0,8.0,13.0,8.0,2.0,9,11,9.0,12.0,11.0,5.0,No Data,7,No Data,6.0,1.0,No Data,13,No Data,3.0,1.0,15,5.0,19,No Data,No Data,2.0,12,4.0,11.0,2.0,1.0,1.0,14.0,17.0,15,No Data,5.0,11.0,No Data,12.0,No Data,13.0,7.0,1.0,1.0,No Data,6.0,10.0,11,15.0,No Data,39.0,No Data,11,32.0,2.0,16.0,15,1.0,14,4.0,15.0,4.0,1.0,2.0,34,No Data,10,13.0,32.0,9.0,7.0,1.0,7.0,7.0,2.0,No Data,1.0,12,No Data,11.0,16.0,No Data,8,No Data,5.0,No Data,13.0,4.0,6,1.0,12.0,No Data,No Data,8.0,8.0,2.0,12,7.0,No Data,1.0,25.0,9.0,8,1.0,19.0,19.0,9.0,No Data,17.0,8.0,19,No Data,No Data,No Data,3.0,3.0,17.0,No Data,4.0,6.0,4.0,11,4.0,11.0,No Data,3.0,10,1.0,9.0,1.0,No Data,1.0,11.0,13.0,5.0,18,No Data,4.0,13.0,1.0,10,3.0,No Data,12.0,6.0,16.0,10.0,No Data,No Data,1.0,2.0,1.0,No Data,11.0,4.0,No Data,5.0,12,15.0,6.0,No Data,No Data,30,2.0,3.0,No Data,No Data,11.0,No Data,9.0,6.0,9.0,4.0,4.0,No Data,8.0,1.0,No Data,No Data,15,9.0,16.0,1.0,5.0,9,7.0,3.0,21.0,1.0,4.0,11.0,13,No Data,1.0,No Data,17.0,7.0,No Data,No Data,8.0,No Data,9.0,13.0,No Data,No Data,4.0,8.0,9,1.0,No Data,15.0,7.0
TG,7,6.0,No Data,6.0,No Data,37.0,7.0,25.0,81.0,6.0,23.0,10.0,7.0,10.0,71,38.0,No Data,No Data,5.0,13.0,6,No Data,No Data,17,7.0,12.0,29,95.0,No Data,19.0,No Data,No Data,37,14.0,No Data,4.0,114.0,34.0,17.0,15.0,109.0,5.0,24.0,No Data,27.0,22.0,1.0,5.0,50.0,27.0,No Data,6,1.0,18.0,No Data,55,28.0,14.0,12,11.0,13.0,5.0,10.0,10.0,No Data,63.0,No Data,No Data,2.0,57.0,14,140.0,18.0,9.0,14,No Data,No Data,2.0,16.0,6.0,2.0,No Data,22,No Data,17.0,No Data,No Data,No Data,28.0,15,23.0,No Data,6,2.0,No Data,9.0,No Data,24,16,No Data,9.0,No Data,No Data,No Data,35,10.0,8,9.0,9.0,13,11.0,11.0,No Data,12.0,27.0,8.0,10.0,No Data,18,No Data,36.0,2.0,6.0,8.0,No Data,7.0,6.0,8.0,No Data,No Data,16.0,No Data,6,55.0,15.0,5.0,7.0,6.0,12.0,11.0,No Data,11.0,14,8.0,18.0,No Data,2.0,1.0,7.0,No Data,8.0,9.0,9.0,9.0,20.0,6.0,1.0,13,6,13.0,15.0,24.0,2.0,No Data,16,No Data,15.0,3.0,No Data,5,No Data,11.0,No Data,19,9.0,21,6.0,No Data,No Data,28,43.0,53.0,1.0,6.0,1.0,28.0,79.0,20,2.0,5.0,3.0,1.0,25.0,No Data,17.0,12.0,No Data,No Data,No Data,8.0,15.0,12,13.0,No Data,20.0,4.0,16,24.0,11.0,55.0,7,No Data,8,20.0,87.0,5.0,No Data,4.0,9,No Data,6,17.0,10.0,7.0,13.0,No Data,56.0,20.0,No Data,No Data,1.0,18,No Data,29.0,78.0,No Data,7,1.0,17.0,3.0,10.0,17.0,28,No Data,39.0,1.0,2.0,22.0,13.0,11.0,12,13.0,No Data,No Data,11.0,7.0,32,No Data,4.0,6.0,24.0,1.0,20.0,10.0,17,No Data,No Data,2.0,14.0,1.0,15.0,1.0,16.0,20.0,18.0,5,10.0,9.0,No Data,12.0,23,1.0,12.0,1.0,No Data,No Data,25.0,65.0,25.0,50,No Data,10.0,7.0,No Data,16,8.0,1.0,6.0,18.0,16.0,7.0,No Data,2.0,1.0,1.0,No Data,No Data,23.0,No Data,No Data,7.0,13,103.0,100.0,No Data,No Data,13,1.0,94.0,1.0,1.0,9.0,No Data,20.0,6.0,60.0,14.0,24.0,No Data,13.0,No Data,No Data,No Data,30,8.0,13.0,No Data,5.0,19,9.0,4.0,12.0,No Data,49.0,45.0,8,1.0,No Data,No Data,17.0,10.0,No Data,No Data,70.0,No Data,16.0,7.0,No Data,No Data,5.0,26.0,14,7.0,No Data,25.0,10.0
TI,107,125.0,4.0,117.0,3.0,144.0,90.0,50.0,148.0,114.0,167.0,121.0,97.0,113.0,140,119.0,No Data,1.0,120.0,118.0,138,1.0,59.0,82,64.0,98.0,64,209.0,3.0,101.0,2.0,2.0,121,147.0,5.0,123.0,166.0,107.0,123.0,140.0,139.0,115.0,147.0,2.0,129.0,68.0,1.0,153.0,173.0,90.0,No Data,140,112.0,123.0,No Data,161,217.0,65.0,141,79.0,128.0,131.0,120.0,142.0,1.0,94.0,3.0,4.0,15.0,141.0,125,166.0,125.0,136.0,47,7.0,No Data,3.0,160.0,68.0,2.0,No Data,123,4.0,148.0,No Data,No Data,No Data,126.0,110,57.0,3.0,107,1.0,4.0,105.0,No Data,142,127,7.0,108.0,2.0,4.0,3.0,79,105.0,160,87.0,155.0,117,148.0,100.0,3.0,125.0,94.0,109.0,178.0,No Data,92,5.0,110.0,No Data,57.0,118.0,No Data,135.0,64.0,84.0,3.0,1.0,39.0,2.0,111,124.0,99.0,93.0,112.0,81.0,124.0,58.0,4.0,122.0,124,119.0,133.0,1.0,No Data,3.0,153.0,1.0,110.0,136.0,129.0,116.0,127.0,119.0,4.0,112,52,75.0,59.0,132.0,1.0,4.0,115,4.0,62.0,3.0,2.0,125,4.0,124.0,5.0,72,103.0,152,3.0,4.0,3.0,66,101.0,177.0,1.0,16.0,8.0,134.0,115.0,140,2.0,120.0,112.0,3.0,135.0,1.0,133.0,94.0,2.0,1.0,2.0,116.0,119.0,73,126.0,4.0,94.0,1.0,125,109.0,119.0,156.0,106,1.0,164,111.0,93.0,56.0,1.0,6.0,119,3.0,142,136.0,149.0,148.0,133.0,1.0,146.0,115.0,No Data,No Data,2.0,160,No Data,97.0,155.0,1.0,98,No Data,106.0,2.0,100.0,118.0,77,3.0,102.0,2.0,2.0,107.0,122.0,155.0,115,63.0,No Data,2.0,129.0,33.0,125,1.0,160.0,114.0,69.0,5.0,115.0,100.0,124,No Data,No Data,1.0,64.0,No Data,234.0,No Data,64.0,103.0,110.0,113,33.0,140.0,No Data,121.0,144,3.0,128.0,No Data,5.0,5.0,101.0,158.0,139.0,207,3.0,116.0,108.0,4.0,96,120.0,6.0,124.0,125.0,198.0,104.0,2.0,3.0,3.0,2.0,3.0,1.0,57.0,1.0,No Data,117.0,137,203.0,118.0,2.0,No Data,183,2.0,181.0,2.0,7.0,120.0,No Data,109.0,89.0,171.0,100.0,90.0,No Data,123.0,3.0,6.0,1.0,123,142.0,121.0,6.0,38.0,112,89.0,102.0,252.0,4.0,143.0,122.0,131,5.0,No Data,2.0,128.0,90.0,2.0,1.0,173.0,1.0,126.0,260.0,1.0,5.0,137.0,74.0,123,95.0,4.0,60.0,115.0
UR,7,4.0,No Data,5.0,No Data,1.0,3.0,4.0,3.0,4.0,2.0,1.0,5.0,3.0,4,1.0,No Data,No Data,4.0,5.0,3,No Data,4.0,1,2.0,No Data,14,2.0,No Data,6.0,No Data,No Data,1,4.0,No Data,5.0,1.0,No Data,No Data,1.0,No Data,No Data,No Data,No Data,No Data,3.0,No Data,2.0,2.0,1.0,No Data,1,1.0,42.0,No Data,1,3.0,8.0,2,3.0,No Data,3.0,2.0,3.0,No Data,No Data,No Data,No Data,No Data,5.0,1,1.0,8.0,No Data,2,No Data,1.0,No Data,No Data,1.0,4.0,No Data,5,No Data,1.0,No Data,No Data,No Data,No Data,8,9.0,No Data,4,No Data,No Data,4.0,No Data,2,4,No Data,1.0,No Data,1.0,No Data,4,No Data,3,3.0,No Data,1,3.0,2.0,No Data,2.0,No Data,No Data,4.0,No Data,3,No Data,1.0,No Data,8.0,5.0,No Data,13.0,6.0,2.0,No Data,No Data,2.0,No Data,3,3.0,1.0,1.0,8.0,No Data,No Data,4.0,No Data,2.0,4,1.0,1.0,No Data,No Data,No Data,4.0,1.0,1.0,4.0,3.0,2.0,5.0,No Data,No Data,2,3,1.0,4.0,2.0,No Data,No Data,1,No Data,14.0,No Data,No Data,9,No Data,No Data,No Data,3,1.0,1,No Data,No Data,No Data,7,4.0,4.0,No Data,6.0,No Data,4.0,4.0,4,No Data,5.0,1.0,1.0,7.0,No Data,1.0,6.0,No Data,3.0,No Data,1.0,No Data,1,No Data,No Data,12.0,No Data,2,3.0,4.0,No Data,4,No Data,3,No Data,No Data,1.0,No Data,No Data,3,1.0,4,No Data,1.0,1.0,10.0,No Data,3.0,No Data,No Data,No Data,1.0,6,No Data,2.0,1.0,No Data,1,No Data,4.0,1.0,4.0,1.0,2,No Data,1.0,No Data,2.0,No Data,3.0,No Data,1,2.0,No Data,No Data,8.0,3.0,2,No Data,7.0,7.0,12.0,4.0,1.0,4.0,1,No Data,No Data,No Data,1.0,2.0,6.0,No Data,4.0,4.0,No Data,2,17.0,1.0,No Data,2.0,4,No Data,2.0,No Data,No Data,No Data,No Data,3.0,4.0,2,1.0,4.0,No Data,No Data,7,2.0,No Data,No Data,3.0,3.0,1.0,No Data,No Data,No Data,No Data,No Data,No Data,9.0,No Data,No Data,6.0,1,1.0,No Data,No Data,2.0,14,No Data,No Data,No Data,7.0,7.0,No Data,5.0,2.0,3.0,6.0,4.0,No Data,6.0,No Data,No Data,1.0,1,2.0,2.0,6.0,7.0,2,2.0,4.0,2.0,No Data,1.0,4.0,9,No Data,No Data,1.0,4.0,No Data,1.0,No Data,3.0,No Data,1.0,17.0,No Data,No Data,2.0,1.0,1,1.0,No Data,10.0,1.0
VD,140,198.0,18.0,187.0,17.0,324.0,121.0,365.0,219.0,229.0,233.0,277.0,144.0,215.0,243,218.0,No Data,20.0,139.0,175.0,151,23.0,114.0,144,199.0,151.0,193,277.0,24.0,160.0,23.0,14.0,248,228.0,6.0,134.0,244.0,179.0,208.0,237.0,259.0,178.0,264.0,17.0,239.0,206.0,14.0,141.0,362.0,280.0,24.0,152,163.0,304.0,No Data,295,373.0,223.0,202,249.0,157.0,127.0,300.0,136.0,No Data,308.0,19.0,26.0,33.0,325.0,209,312.0,208.0,158.0,185,19.0,19.0,15.0,329.0,148.0,24.0,28.0,227,6.0,382.0,No Data,1.0,1.0,302.0,258,269.0,No Data,146,16.0,19.0,202.0,1.0,165,368,16.0,157.0,21.0,28.0,22.0,256,181.0,270,212.0,209.0,116,280.0,119.0,13.0,236.0,245.0,187.0,341.0,15.0,333,15.0,231.0,25.0,310.0,151.0,18.0,175.0,206.0,151.0,11.0,23.0,311.0,7.0,123,221.0,193.0,163.0,113.0,175.0,193.0,185.0,9.0,119.0,152,173.0,289.0,17.0,37.0,8.0,178.0,14.0,357.0,180.0,369.0,259.0,264.0,259.0,32.0,194,292,417.0,194.0,380.0,14.0,14.0,231,20.0,197.0,50.0,4.0,239,18.0,152.0,17.0,273,103.0,129,26.0,13.0,18.0,341,275.0,279.0,11.0,112.0,9.0,242.0,241.0,171,12.0,138.0,191.0,6.0,262.0,No Data,189.0,95.0,16.0,13.0,24.0,144.0,200.0,149,130.0,12.0,288.0,17.0,161,243.0,214.0,231.0,119,28.0,86,197.0,201.0,123.0,6.0,13.0,290,10.0,191,160.0,121.0,148.0,200.0,9.0,229.0,189.0,10.0,1.0,24.0,230,12.0,201.0,389.0,6.0,118,29.0,138.0,1.0,114.0,279.0,146,23.0,346.0,9.0,21.0,127.0,149.0,229.0,184,297.0,2.0,16.0,232.0,233.0,301,19.0,208.0,185.0,196.0,11.0,310.0,249.0,150,No Data,No Data,24.0,205.0,11.0,158.0,13.0,166.0,294.0,132.0,249,238.0,180.0,1.0,141.0,283,12.0,224.0,7.0,30.0,12.0,167.0,442.0,146.0,248,22.0,157.0,171.0,15.0,378,191.0,16.0,355.0,208.0,294.0,154.0,11.0,37.0,12.0,31.0,9.0,19.0,223.0,13.0,No Data,204.0,236,292.0,348.0,22.0,8.0,358,21.0,209.0,12.0,21.0,536.0,15.0,249.0,161.0,232.0,190.0,251.0,No Data,140.0,9.0,9.0,18.0,405,221.0,379.0,5.0,240.0,184,148.0,194.0,154.0,15.0,362.0,207.0,199,33.0,18.0,21.0,120.0,118.0,13.0,13.0,222.0,3.0,253.0,118.0,14.0,40.0,293.0,112.0,296,146.0,17.0,209.0,178.0
VS,97,96.0,3.0,140.0,1.0,100.0,68.0,78.0,249.0,90.0,76.0,92.0,76.0,60.0,190,82.0,1.0,1.0,86.0,92.0,111,5.0,65.0,99,57.0,72.0,81,90.0,2.0,105.0,No Data,1.0,125,129.0,1.0,78.0,99.0,135.0,88.0,70.0,74.0,96.0,63.0,5.0,66.0,151.0,6.0,116.0,104.0,181.0,6.0,80,104.0,117.0,No Data,82,99.0,103.0,91,110.0,71.0,106.0,94.0,70.0,2.0,87.0,No Data,5.0,23.0,213.0,90,136.0,115.0,82.0,83,2.0,3.0,10.0,122.0,94.0,No Data,8.0,107,8.0,111.0,No Data,2.0,No Data,50.0,84,90.0,No Data,93,6.0,No Data,95.0,No Data,150,154,2.0,108.0,2.0,2.0,7.0,81,96.0,93,113.0,103.0,79,205.0,79.0,No Data,95.0,134.0,121.0,92.0,5.0,103,1.0,73.0,8.0,85.0,64.0,4.0,113.0,79.0,75.0,1.0,3.0,86.0,1.0,96,69.0,80.0,98.0,98.0,117.0,140.0,54.0,1.0,93.0,77,88.0,143.0,1.0,7.0,15.0,102.0,4.0,85.0,109.0,80.0,88.0,125.0,103.0,2.0,187,79,88.0,91.0,87.0,8.0,5.0,67,3.0,93.0,5.0,6.0,123,2.0,73.0,2.0,108,77.0,78,12.0,8.0,7.0,119,86.0,151.0,1.0,43.0,5.0,99.0,132.0,135,No Data,87.0,111.0,8.0,102.0,1.0,115.0,88.0,4.0,1.0,No Data,90.0,101.0,89,68.0,3.0,91.0,8.0,148,130.0,107.0,82.0,83,6.0,85,72.0,77.0,56.0,6.0,9.0,125,No Data,77,85.0,87.0,90.0,111.0,7.0,80.0,131.0,2.0,No Data,2.0,90,1.0,110.0,76.0,1.0,78,7.0,77.0,2.0,114.0,102.0,53,1.0,73.0,No Data,1.0,47.0,111.0,118.0,97,93.0,No Data,1.0,135.0,66.0,96,2.0,102.0,133.0,87.0,2.0,102.0,109.0,101,No Data,No Data,7.0,87.0,7.0,142.0,7.0,76.0,95.0,74.0,124,45.0,190.0,No Data,97.0,94,5.0,113.0,4.0,2.0,2.0,110.0,119.0,66.0,113,3.0,110.0,126.0,2.0,86,124.0,6.0,102.0,95.0,110.0,102.0,1.0,2.0,5.0,2.0,8.0,4.0,79.0,12.0,No Data,91.0,87,108.0,124.0,4.0,3.0,103,5.0,102.0,2.0,No Data,78.0,2.0,160.0,75.0,69.0,111.0,79.0,No Data,71.0,10.0,5.0,5.0,137,88.0,99.0,1.0,71.0,137,69.0,84.0,155.0,1.0,75.0,196.0,106,11.0,2.0,2.0,87.0,74.0,3.0,2.0,87.0,4.0,121.0,87.0,4.0,3.0,240.0,50.0,90,91.0,5.0,60.0,128.0
ZG,21,16.0,2.0,21.0,3.0,17.0,4.0,62.0,17.0,31.0,16.0,17.0,17.0,12.0,5,22.0,No Data,1.0,21.0,29.0,11,3.0,19.0,13,21.0,8.0,12,24.0,3.0,16.0,1.0,1.0,6,12.0,2.0,16.0,6.0,6.0,15.0,23.0,27.0,11.0,40.0,3.0,20.0,14.0,1.0,12.0,10.0,15.0,3.0,13,37.0,67.0,No Data,17,17.0,11.0,20,9.0,27.0,26.0,37.0,10.0,No Data,3.0,2.0,5.0,6.0,9.0,22,17.0,31.0,14.0,56,1.0,1.0,No Data,10.0,17.0,1.0,1.0,26,1.0,56.0,No Data,No Data,No Data,25.0,8,7.0,No Data,14,5.0,No Data,19.0,No Data,14,13,No Data,17.0,4.0,1.0,1.0,14,19.0,16,8.0,25.0,11,15.0,17.0,14.0,35.0,25.0,12.0,30.0,1.0,36,2.0,14.0,1.0,15.0,11.0,No Data,11.0,12.0,16.0,1.0,4.0,6.0,2.0,5,17.0,29.0,31.0,17.0,33.0,13.0,11.0,1.0,6.0,14,31.0,17.0,5.0,2.0,1.0,27.0,2.0,25.0,23.0,28.0,19.0,72.0,14.0,9.0,16,27,23.0,17.0,13.0,1.0,No Data,3,No Data,10.0,No Data,No Data,78,2.0,19.0,No Data,25,8.0,16,1.0,2.0,No Data,9,17.0,2.0,2.0,17.0,1.0,37.0,17.0,25,1.0,5.0,27.0,2.0,172.0,No Data,13.0,12.0,1.0,1.0,1.0,44.0,11.0,26,50.0,1.0,10.0,4.0,20,7.0,12.0,37.0,11,1.0,6,13.0,24.0,2.0,1.0,2.0,54,No Data,19,27.0,5.0,12.0,26.0,2.0,24.0,10.0,7.0,No Data,3.0,23,No Data,31.0,7.0,1.0,18,8.0,24.0,3.0,38.0,13.0,24,5.0,46.0,2.0,1.0,26.0,16.0,15.0,8,15.0,No Data,1.0,1.0,8.0,16,1.0,36.0,12.0,18.0,1.0,22.0,7.0,12,No Data,No Data,No Data,21.0,No Data,12.0,1.0,22.0,11.0,15.0,16,16.0,28.0,No Data,14.0,32,5.0,24.0,No Data,2.0,1.0,9.0,13.0,8.0,13,10.0,3.0,26.0,1.0,22,13.0,1.0,22.0,36.0,10.0,10.0,2.0,No Data,4.0,No Data,No Data,1.0,20.0,No Data,No Data,33.0,36,20.0,30.0,5.0,No Data,25,1.0,9.0,No Data,No Data,38.0,4.0,6.0,15.0,17.0,12.0,12.0,No Data,21.0,1.0,No Data,13.0,12,13.0,28.0,No Data,6.0,27,16.0,49.0,11.0,1.0,43.0,3.0,55,No Data,1.0,No Data,9.0,21.0,1.0,No Data,18.0,No Data,19.0,24.0,2.0,1.0,16.0,7.0,23,26.0,4.0,15.0,13.0
ZH,354,358.0,37.0,351.0,46.0,371.0,406.0,418.0,426.0,323.0,436.0,407.0,379.0,340.0,306,360.0,1.0,44.0,321.0,420.0,312,18.0,194.0,478,286.0,250.0,419,314.0,37.0,359.0,34.0,12.0,278,375.0,38.0,321.0,407.0,381.0,391.0,550.0,477.0,401.0,297.0,44.0,357.0,479.0,39.0,425.0,367.0,339.0,30.0,330,346.0,465.0,1.0,431,496.0,336.0,333,560.0,377.0,329.0,399.0,352.0,3.0,421.0,41.0,36.0,85.0,314.0,405,455.0,447.0,330.0,422,45.0,37.0,76.0,373.0,321.0,26.0,37.0,335,42.0,362.0,2.0,9.0,2.0,311.0,349,433.0,2.0,344,46.0,33.0,359.0,1.0,324,418,35.0,423.0,45.0,41.0,47.0,362,284.0,397,378.0,379.0,218,402.0,261.0,45.0,315.0,463.0,316.0,408.0,44.0,434,30.0,412.0,32.0,342.0,506.0,28.0,416.0,354.0,471.0,37.0,55.0,388.0,19.0,266,356.0,407.0,310.0,328.0,330.0,296.0,356.0,45.0,286.0,408,383.0,598.0,59.0,39.0,32.0,426.0,60.0,376.0,370.0,369.0,490.0,469.0,413.0,32.0,307,401,389.0,403.0,429.0,27.0,28.0,404,45.0,331.0,55.0,29.0,447,31.0,525.0,17.0,442,282.0,417,54.0,26.0,27.0,295,369.0,291.0,29.0,118.0,28.0,342.0,426.0,340,33.0,226.0,309.0,31.0,472.0,2.0,336.0,246.0,30.0,21.0,45.0,307.0,392.0,361,328.0,36.0,374.0,28.0,317,503.0,326.0,380.0,361,28.0,332,342.0,409.0,227.0,33.0,33.0,420,41.0,275,401.0,446.0,349.0,479.0,60.0,438.0,352.0,24.0,No Data,43.0,458,21.0,363.0,417.0,3.0,492,20.0,297.0,35.0,356.0,445.0,314,37.0,363.0,35.0,33.0,263.0,441.0,392.0,400,316.0,4.0,35.0,644.0,318.0,457,31.0,324.0,267.0,352.0,47.0,406.0,469.0,471,2.0,1.0,22.0,445.0,37.0,385.0,21.0,348.0,388.0,345.0,366,248.0,483.0,No Data,277.0,476,36.0,353.0,25.0,48.0,31.0,454.0,472.0,353.0,335,42.0,366.0,359.0,45.0,343,336.0,22.0,357.0,402.0,455.0,492.0,32.0,32.0,28.0,46.0,32.0,32.0,399.0,29.0,1.0,334.0,287,339.0,433.0,67.0,46.0,452,16.0,295.0,43.0,30.0,451.0,36.0,421.0,272.0,303.0,369.0,348.0,1.0,279.0,41.0,43.0,39.0,431,275.0,488.0,19.0,365.0,382,361.0,340.0,345.0,41.0,324.0,403.0,367,27.0,30.0,66.0,317.0,415.0,27.0,57.0,507.0,18.0,268.0,331.0,19.0,44.0,354.0,239.0,383,292.0,29.0,435.0,271.0
