0,1,2,3,4,5,6,7,8,9
kay?ts?zl?k,forewarned,kay?ts?zl?k,kay?ts?zl?k,faydal?,kay?ts?zl?k,üretici,kay?ts?zl?k,ortaya ç?karmak,haysiyet
aptall?k,özgürlük,sap?k,Alarm,ye?il,zoraki,haysiyet,aptall?k,mistik,dayanak noktas?
tütsü,macera,aptall?k,ho?lanmama,özgürlük,sahipsiz,dayanak noktas?,hariç,Alarm,faydal?
ho?lanmama,far,ho?lanmama,?anss?zl?k,muzaffer,meme,faydal?,körü körüne,özgürlük,ye?il
kovulma,tükenme,kovulma,kovulma,mezuniyet,sak?nca,ye?il,apse,dava,sade
öfkeli,mezuniyet,kolera,pus,yürekli,sap?k,?övalyelik,kasvetli,mezuniyet,kozmopolit
günah,piyango,çürüme,kolera,maa?,anayasaya ayk?r?,kozmopolit,kabul edilemez,h?rs?z,bay?m
antitez,Kom?uluk,sayg?s?z,forewarned,tutkulu,yama,Bili?sel,?anss?zl?k,karars?z,s?k?l?k
dikkatsizlik,izlemek,dava,çürüme,çikolata,karartmak,a??rba?l?,kovulma,kilitlenme,özgürlük
sayg?s?z,hemen,kürtaj,sayg?s?z,canlanma,aptall?k,temiz,dü?mek,pop,holding
dava,sab?r,porno,a?ma,mübarek,maruz,telafi edici,kitabe,sars?nt?,mütevazi
reddediyoruz,maa?,kab?zl?k,dava,g?d?klamak,hariç,bay?m,kolera,kaybetmek,iman
soymak,analist,o?ul,eksik,aloha,körü körüne,s?k?l?k,çürüme,g?d?klamak,gösteri
tepki,tutkulu,reddediyoruz,kürtaj,Gökler,Alarm,atlet,sayg?s?z,büyüklük,kooperatif
itiraz,çikolata,soymak,ölüme mahkum,özgürle?me,apse,ele?tiri,dava,mucize,yuva
h?rs?z,kramp,sakar,soymak,Bulunan,tütsü,özgürlük,eksik,istemeden,reddediyoruz
nefret,netice,h?rs?z,kartu?,tatil,ho?lanmama,macera,kürtaj,hava sald?r?s?,kay?t
sürtünme,canlanma,iki yüzlü,mezuniyet,armoni,yetki devri,mütevazi,ölüme mahkum,oynak,mezuniyet
kirpik,g?d?klamak,?ekil bozuklu?u,tepki,otantik,kasvetli,kooperatif,soymak,flört,yürekli
iblis,aloha,ilmihal,h?rs?z,büyüklük,sade,tan?t?m,tükenme,susuzluk,bütünlük
dökümleri,özgürle?me,?arlatan,polis,torunlar,kabul edilemez,muzaffer,h?rs?z,peri,polis
bo?a,ula??labilir,çukurlu?u,?ekil bozuklu?u,güzelle?tirmek,?anss?zl?k,nimet,demirleme,al??veri?,kan?t
e?itsizlik,astrolog,kontamine,hakimiyet,gönüllü,kovulma,örgütlü,?ekil bozuklu?u,tamamlay?c?s?,dayanma gücü
?zd?rap,tatil,iblis,karars?z,mucize,öfkeli,kaya,çukurlu?u,uyard?,masum
ay?p,torunlar,bo?a,izlemek,vefa,dü?mek,mezuniyet,iblis,co?ku,hakimiyet
kaybetmek,?arta,organik gübre,tugay,kalk?nan,günah,yorumcu,dökümleri,s?r?t??,at
kapmak,gönüllü,ay?p,çukurlu?u,favori,pus,yürekli,e?itsizlik,akrep,sab?r
diken,mucize,ri,kirpik,Sevgilim,antitez,demirleme,?zd?rap,çile,maa?
hükmetmek,kalk?nan,kaybetmek,iblis,oynak,kolera,bütünlük,kilitlenme,nimetler,analist
sahtekâr,köpek yavrusu,at?k,dikkatlice,flört,forewarned,dayanma gücü,a?r?yan,ho?,tutkulu
hu? a?ac?,oy pusulas?,sahtekâr,asp,yürekten,dikkatsizlik,masum,çürümü?,dikkat çekici,din
bencil,önleme,hu? a?ac?,kaçt?,büyümek,düzeltme,hemen,kaybetmek,korkutmak,çikolata
darg?nl?k,flört,bencil,e?itsizlik,basketbol,zip,yi?it,reddedildi,?ike,i?lem
çat?k,eninde sonunda,darg?nl?k,?zd?rap,kutluyor,çürüme,sab?r,sahtekâr,?ans,kopya
deli,büyümek,çat?k,kilitlenme,yeti?tirme,sayg?s?z,düzeltici,dü?tü,sürpriz,ak?lc?
hayal k?r?kl???na u?ratmak,basketbol,deli,kaybetmek,hassasl?k,a?ma,maa?,pisi bal???,i?ten ç?karma,Sürekli
ölümcül,kutluyor,hayal k?r?kl???na u?ratmak,hükmetmek,güçlü,dava,analist,çat?k,donakalm??,canlanma
kampanya,ba?l?,uçuk,sel,al??veri?,eksik,tutkulu,dilenci,kahramanca,garnizon
cezaland?r?yor,yeti?tirme,ayart?c?,hu? a?ac?,alk??,kürtaj,dikkatlice,ba?ar?s?z,cinayet,seçmenler
ayart?c?,ba?latmak,küçümsenen,pisi bal???,sevgi,dü?ü?,tatl?l?k,hayal k?r?kl???na u?ratmak,?a??lacak derecede,atalardan kalma
oynak,susuzluk,cad,deli,tamamlay?c?s?,da??l?m,çikolata,ölümcül,geçit töreni,pazarl?k
küçümsenen,dengelemek,solma,gerilla,kurulmu?,porno,kat?ld?,cezaland?r?yor,kutsall?k,g?d?klamak
kavgac?,?artl? tahliye,keskin,nefes nefese,co?ku,?erit,ak?lc?,ayart?c?,olumlu,rehber kitap
cad,al??veri?,haydut,gönüllü,taç giyme,kab?zl?k,korumak,cesaret k?r?c?,dalgalanma,kompakt
haydut,alk??,atrofi,ölümcül,sa?lama,ölüme mahkum,canlanma,cahil,huzurlu,el kitab?
zorba,tamamlay?c?s?,çeki?meli,enfeksiyon,s?r?t??,blöf,mübarek,eziyet,rab?ta,Gökler
engel,sab?rs?z,tats?z,kampanya,zenginlik,ç?kmak,garnizon,Yorgun,hayk?rmak,Bulunan
çeki?meli,sa?duyulu,beceriksizlik,cezaland?r?yor,nimetler,önsezi,pazarl?k,atrofi,kahkaha,as?l
onaylamamak,uyard?,onaylamamak,ayart?c?,ho?,reddediyoruz,g?d?klamak,anlams?z,gözden kaybolmak,ulus
?ikayet,co?ku,sübvansiyon,kavgac?,dikkat çekici,soymak,affetmek,siyahl?k,gayri me?ru,armoni
suçlayan kimse,fermantasyon,tarife,?i?me,övgüye de?er,istemsiz,uyarlamak,yürekten,havlama,tophane
sübvansiyon,beklenen,?ikâyet,eziyet,gülümseyen,aceleci,hükmetmek,tats?z,palyaço,otantik
tarife,sa?lama,eliminasyon,haydut,?ans,tükenme,kefaret,beceriksizlik,kadavra,geri ödeme
?ikâyet,s?r?t??,yasad???l?k,zorba,?ark? söylemek,eksiklik,rehber kitap,susuzluk,en yüksek,otantiklik
el koyma,diktatörlük,devams?zl?k,engel,tedavi edici,utand?r?c?,aloha,kenar,uyarmak,büyüklük
eliminasyon,nimetler,yasad???,atrofi,içerik,kast,okuma,onaylamamak,ayd?nlatma,torunlar
güçlü,ho?,arsenik,siyahl?k,övgü,mant?ks?z,Gökler,?ikayet,yeterlik,tevazu
yasad???l?k,maya,akrep,çeki?meli,sürpriz,itiraz,özgürle?me,elem,hücum,birlik
zorla,korkutmak,diktatörlük,beceriksizlik,refah,sakar,gökyüzü,?ikâyet,tantana,gönüllü
porsuk,k?yamet,Lanet olsun,onaylamamak,tap?nmak,serin,arzulu,el koyma,mükemmellik,mucize
k?rbaç,ba?lang?ç,açgözlü,suçlayan kimse,konfor,h?rs?z,ula??labilir,kardiyomiyopati,entrika,tutmak
yasad???,umma,duygusuz,kardiyomiyopati,sevgili,iki yüzlü,astrolog,eliminasyon,emek,vefa
meydan okuyan,kamu,el arabas?,eliminasyon,kahramanca,?ekil bozuklu?u,Bulunan,devams?zl?k,utanma,kalk?nan
çal?nt?,bat?l inançlar? olan,cad?,güçlü,içtenlikle,karars?z,as?l,suçlu,unutulmaz,köpek yavrusu
suçlu,?ike,?i?manl?k,yasad???l?k,yard?mseverlik,hemen,misafirperverlik,arsenik,memnun olmak,favori
y?rtmaç,panzehir,iftira,düzensizlik,geçit töreni,nefret,ulus,terketmek,hayran,Sevgilim
akrep,aramalar,k?yamet,zorla,ibadet,?arlatan,tatil,diktatörlük,vah?i,oynak
omurga,?ans,fark gözeten,anjin,kutsall?k,tugay,armoni,yular,kazanan,dernek
çile,tahkim,bebek bezi,fanatizm,olumlu,çukurlu?u,ço?altmak,y?pranm??,ödül,demir
diktatörlük,?ark? söylemek,salak,uyard?,huzurlu,kirpik,otantik,kas?tl?,dreadfully,oy pusulas?
yular,tap?nmak,Bakteriler,devams?zl?k,uzla?t?rma,feodal,geri ödeme,?i?manl?k,bebek,flört
Lanet olsun,konfor,anakonda,yasad???,rab?ta,kontamine,otantiklik,keder,rastgele,yürekten
kas?tl?,geli?tirmek,s?zlanma,biyopsi,Advent,iblis,kazanma,sitomegalovirüs,mola,e?itici
duygusuz,bumerang,nefret etmek,iddianame,hay?rl?,dökümleri,büyüklük,koma,a??rl?k,emanet etmek
ültimatom,sevgili,hasta,hakemlik etmek,katedral,bo?a,torunlar,k?yamet,büyülemek,büyümek
cad?,üretim,k?zam?k,arsenik,buza??,e?itsizlik,tevazu,Bakteriler,balay?,emanetçi
korkutmak,geli?memi?lik,mide buland?r?c?,akrep,canland?r?lm??,?zd?rap,ahlâki,bunakl?k,korku,ba?l?
iftira,geçit töreni,kan p?ht?s?,diktatörlük,y?ld?zl?,organik gübre,birlik,s?zlanma,muziplik,yeti?tirme
k?yamet,ibadet,ay?rt etme,yular,müte?ekkir,kilitlenme,allegro,abluka,kamufle,savundu
isterik,kutsall?k,kal?nt?lar,ültimatom,???k saçan,a?r?yan,güzelle?tirmek,hasta,?iddetli,güçlü
zorlamak,olumlu,pislik,cad?,kahkaha,kramp,gönüllü,lanet,ö?retmek,al??veri?
azg?nca,huzurlu,kaç?nmak,korkutmak,palyaço,pop,mucize,?ark? söylemek,k??k?rt?c?,alk??
s?ra,sonuç,i?ten ç?karma,koma,karde?çe,ay?p,yast?k,k?zam?k,hediye,tamamlay?c?s?
körük,rab?ta,donakalm??,k?yamet,e?,ç?kmaz,bol,hakk?n kaybedilmesi,patlay?c?,vurgulamak
e kar??,Advent,asimetri,isterik,en yüksek,boo,vefa,y?kmak,do?um günü,taç giyme
abluka,kademeli,ayr??t?rmak,zorlamak,mabet,ri,fail,mide buland?r?c?,gerçeklik,bürokrasi
nefret etmek,hay?rl?,la??m,Bakteriler,ayd?nlatma,kaybetmek,varolu?,kan p?ht?s?,çözünme,sa?lama
lanet,geriye say?m,cinayet,zoka,atlama,kapmak,cazibe,ay?rt etme,hermafrodit,ölçmek
yalanlamak,dikkat,çamurlu,bat?l inançlar? olan,ba?armak,diken,içecek,melun,koz,temel
doland?r?c?l?k,y?ld?zl?,k?namak,nesli tükenmekte,a??rlad?,reddedildi,kalk?nan,yaralamak,gülümseme,s?r?t??
misilleme yapmak,???k saçan,kötülük,anakonda,yeterlik,at?k,köpek yavrusu,komünizm,bat?rmak,infaz
y?kmak,kreps,engerek,bunakl?k,kutsamak,temelsiz,favori,müthi?,yunus,polis memuru
kan p?ht?s?,kahkaha,hastal?kl?,abluka,G?da,yasak,Sevgilim,a?a??lamak,?ok,be?enilen
ay?rt etme,arkeoloji,haks?z,sava? alan?,klasikler,çok aç,mükellef,i?ten ç?karma,bo?alma,nimetler
melun,tahmin,abuk sabuk,lanet,tantana,gerici,tart??ma,kaza,kamuflaj,ho?
yaralamak,Dikkat,brüt,kaç?rmamak,mükemmellik,hükmetmek,oynak,cinayet,terörist,dikkat çekici
komünizm,palyaço,uymamak,bat?l inanç,co?ma,mar,Dahil,intihar,kaz?,ba?lay?c?
a?a??lamak,bye,istihza,k?zam?k,uzla?ma,sahtekâr,demir,kötülük,tedavi etmek,övgüye de?er
kaç?nmak,en yüksek,onursuzluk,ba? dönmesi,emek,ele geçirmek,oy pusulas?,engerek,de?i?tirilebilir,dü?ünceli
i?ten ç?karma,mabet,Pislik,hakk?n kaybedilmesi,h?rs,dü?tü,alacak,hastal?kl?,e?i görülmemi?,Müjde
taciz,uyarmak,hürmetsizlik,gizlice sokmak,af,hu? a?ac?,önleme,haks?z,külüstür araba,i?birlikçi
kaza,yeterlik,a?a??lama,kan p?ht?s?,Charmed,dondurma,flört,demoralize,yo?un,?ike
geli?memi?lik,kutsamak,avukat,ay?rt etme,saadet,bencil,yürekten,istihza,bo?anma,i?birli?i
cinayet,müjdeci,kovmak,bozay?,hayranl?k,e?k?ya,eninde sonunda,öldürme,hile,panzehir
k?namak,tantana,gayri me?ru,melun,unutulmaz,karma?a,e?itici,perili,hedef,ba???lay?c?
dumanl?,mükemmellik,s???r,i?itme,memnun olmak,pisi bal???,büyümek,karanl?k,patlama,aramalar
intihar,entrika,rezil,han,seven,darg?nl?k,basketbol,kist,hipertrofi,?ark? söylemek
kötülük,uzla?ma,enkaz,sürpriz,hayran,abart?l?,kutluyor,onursuzluk,duygu,tedavi edici
ta?k?nl?k,emek,kadavra,yaralamak,kazanan,çat?k,kazanmak,köle,albeni,apostolic
engerek,h?rs,antipati,kal?nt?lar,ödül,dilenci,enerjik,iktidars?zl?k,ahmak,kelime
haks?z,soru?turma,disfigured,komünizm,gelin,deli,kabartma,a?a??,intikam,samimi
tahribat,memnun olmak,Piç,hükümet,gururlu,gerilla,yeti?tirme,utanç verici,korku ile,te?men
uymamak,hayran,hezeyan,hortlak,tamamlama,nefes nefese,kuvvetle,hürmetsizlik,excel,ba?kan
istihza,kazanan,yabanc?la?t?rmak,kaç?nmak,bebek,ba?ar?s?z,ba?latmak,cenaze teskeresi,cafcafl?,emin
tahrif,ödül,dökülmek,barut,dostane,istemeden,savundu,tutuklama,yak?nl?k,sistem
öldürme,gelin,yalanc?,i?ten ç?karma,kendine güvenen,hayal k?r?kl???na u?ratmak,hassasl?k,a?a??lama,vadesi geçmi?,görevli
karanl?k,takdir,belso?uklu?u,donakalm??,hakim,hesaplanmas?,vakitli,?ehitlik,bonus,içerik
gerginlik,gururlu,sahtelik,kaza,a??rl?k,ölümcül,dengelemek,kalk??,kurtulu?,övgü
yükselmek,tamamlama,lavman,kesici,büyülemek,amortisör,güçlü,ezik,mevcut,han
onursuzluk,bebek,co?ma,cinayet,yerine getirme,enfeksiyon,al??veri?,tabut,vodvil,kal?nt?lar
köle,olta ile bal?k tutma,kötü niyetli,a??nd?r?c?,zarafet,kampanya,alk??,kovmak,korkutucu,onaylayarak
iktidars?zl?k,ayaklanma,ceza,intihar,balay?,yan?labilir,sevgi,alçaltt?,hayrete,itimat
Pislik,install,da??lmak,kötülük,unutulmayan,cezaland?r?yor,tamamlay?c?s?,söylenti,ahlâk,tap?nmak
hürmetsizlik,yeti?tirmek,?eytan,engerek,tertemiz,arkaik,kurulmu?,?üphe,rahats?zl?k,konfor
itaatsiz,Bekleyin,sahte,hastal?kl?,sterlin,uçuk,sa?duyulu,gayri me?ru,patlatmak,bumerang
istila,uygulama,leke,kaybolmak,bakanl?k,ayart?c?,co?ku,kaybetme,sanat,sevgili
yumruklamak,hakim,aberasyon,geçit töreni,ö?retmek,k?zarmak,tamir,zorluklar,önlemek,kahramanca
yanl?? bilgi verme,adresler,yamyaml?k,demoralize,nedime,dedikodu,taç giyme,kadavra,y?ld?r?m,baz
avukat,a??rl?k,yaltaklanmak,tahribat,lüks,cesaret k?r?c?,yararl?,mezar,?enlik,ticaret
Zil,büyülemek,cehennemi,ibadet,hediye,küçümsenen,ilerici,ölü yakma,esnemek,yard?mseverlik
kovmak,yerine getirme,dreadfully,kutsall?k,yüzmek,kavgac?,sa?lama,alay,salg?n,sabitlik
gayri me?ru,zarafet,harap,öldürme,Büyülü,dola??kl?k,verimli,Suikast,düzensiz,ibadet
ta?,planlama,Habe? maymunu,perili,e?lendirdi,cad,kirac?,disfigured,spa,ta??nmaz
havlama,balay?,i?renç,karanl?k,evlilik,solma,yetenek,Piç,kutlama,çiftçilik
Dikkat,ayak de?irmeni,ha?ere,kist,do?um günü,keskin,kapitalist,mavi,heyecanl?,kutsall?k
kaybetme,yakla?an,kovu?turma,onursuzluk,pay,?i?me,temel,hezeyan,devrim,doktrin
rezil,yontmak,dü?me,köle,bereket,cahil,s?r?t??,Yaralanma,a?aç,yan?lmazl?k
fetih,sterlin,iç karart?c?,iktidars?zl?k,gerçeklik,bakan,zenginlik,kötü,insanc?l,mürettebat
alay,mektup,hidrosefali,hürmetsizlik,kre?,eziyet,omurga,belso?uklu?u,silinme,olumlu
Suikast,hediye,yalan,cenaze teskeresi,?an,haydut,suçsuz,kupa,uyar?lar,huzurlu
antipati,kolun ön k?sm?,s?tma,de?i?iklik,yüceltme,zorba,be?enilen,kötü niyetli,heyecanland?rmak,çal??kanl?k
disfigured,patlay?c?,a??rl?k,?ehitlik,pasta,engel,i?birli?i yapmak,çekilmek,kas?ts?z,uzla?t?rma
homurtu,ba?lad?,gaby,dalma,gülümseme,direnmek,nimetler,crypt,aç?klanamaz,rab?ta
müjdeci,yüzmek,korku,dikkat,plaj,Yorgun,ho?,suçlama,büyücülük,Advent
yabanc?la?t?rmak,çürük,yap??kan madde,yumruklamak,bat?rmak,atrofi,bozulmam??,devre d???,bay?lma,episcopal
sürgün,evlilik,kesme,yanl?? bilgi verme,arzulamak,flört,keskinlik,utanma,b?çaklama,katedral
Yaralanma,do?um günü,tutumluluk,tabut,yunus,övünmek,dikkat çekici,siyah,h?zl?,buza??
belso?uklu?u,pay,?arbon,anla?mak,par?lt?,anlams?z,ruh,aras?,farkl? olarak,hane
kupa,bereket,delilik,avukat,ba?ar?l?,hemoroid,ö?renmek,köpek kulübesi,ba?ar?l? olmak,vasi
kötü niyetli,gerçeklik,iptal etmek,kovmak,lezzet,siyahl?k,serinlik,öcü,ba??rmak,pivot
büfe,dü?ünce,kirlenmi?,?üphe,müzik,çeki?meli,egzotik,müdahale,kablo,Kimlik
ceza,?an,affedilmez,u?rak,bo?alma,tats?z,mü?teri,a?arm??,jackpot,erkek karde?
dizginlemek,özlem,kaçak,gayri me?ru,yard?m etmek,beceriksizlik,övgüye de?er,leke,kendinden geçmi?,komodor
sayg?s?zl?k,Veri deposu,?iddetli,havlama,bira,geri,dü?ünceli,feryat,önceden görmek,tak?m
çal??mayan,bat?rmak,firari,Dikkat,tedavi etmek,yorgun,kavram,yaltaklanmak,kumarbaz,ayr?nt?l?
?eytan,arzulamak,ölen,rezil,tebrik,konu?tu,zorlamak,dana eti,sad?k,muhabir
öcü,haz?rlanm??,barbar,kadavra,teklif,kenar,kaptan,cehennemi,farkl?,?üphe
leke,ba?ar?l?,e?ek,esrarengiz,yo?un,metropol,gülümseyen,dreadfully,güne?li,okul
haçl? seferi,lezzet,alkolizm,mezar,tost,onaylamamak,Müjde,so?uk,genç,m?knat?s
bombalamak,al?c?,geriye do?ru,en yüksek,kur,?ikayet,kamu,harap,kalabal?k,ku?kusuz
cehennemi,duyuru,hayal k?r?kl???,fetih,e?lendirmek,suçlayan kimse,dinlenme,cezaevi,tazmin etmek,hak
harap,bo?alma,pis,uyarmak,sansasyonel,Telekulak,koro,i?renç,ayd?nlatmak,seviye
cezaevi,davetiye,çökü?,alay,hedef,bo?mak,entellektüel,kafes,ustal?k,battaniye
Sevmedi?i,kaz?,kümes,Suikast,rehin,sübvansiyon,i?birli?i,Sevmedi?i,yarg?,karde?çe
yaygara,al??kanl?k,ceset,disfigured,mutlu,elem,panzehir,yaygara,mucizevi,e?
asker,tedavi etmek,yamyam,homurtu,duygu,yem,ba???lay?c?,asker,para,mabet
ha?ere,de?i?tirilebilir,tokluk,müjdeci,albeni,tarife,vurdumduymaz,dü?me,kucaklamak,diyakoz
ayaklanma,hasret,wimpy,sürgün,sonsuzluk,iktidars?z,?ans,iç karart?c?,yan?lsama,uyarmak
cehennem,aray???,bereket,Yaralanma,dans,ç?karmak,?antöz,menetmek,k?rmak,sabit
yalan,u?ursuz,ensest,kötü,cicili bicili,?ikâyet,sonsuz,hidrosefali,iyi,ayd?nlatma
çitle çevrili,?üphesiz,saçmalamak,belso?uklu?u,excel,vurmak,?ark? söylemek,gerileme,ç??,ba?armak
h?rç?n,külüstür araba,kölelik,kupa,f?rt?nal?,el koyma,devrimci,yalan,oy,kabul edilebilir
bunal?ml?,sinsi,insanl?k d???,entrika,bonus,kardiyomiyopati,bat?l inanç,oyuk,öpücük,yeterlik
lav,haberci,centilmen,kötü niyetli,kurtulu?,eliminasyon,tedavi edici,s?tma,nihayet,kutsamak
silâhl?,kur,riyakârl?k,behemot,takdire de?er,yasad???l?k,kelime,a??rl?k,ç?lg?n,ikna etmek
tedirgin,v?z?lt?,sarho?,silmek,k?k?rdama,düzensizlik,kat?l?m,bunal?ml?,benzersiz,G?da
korku,hedef,hilekâr,ceza,romantizm,gösteri? yapmak,samimi,bulutlu,tufan,mükemmellik
anar?ist,mutlu,hükümlü,dizginlemek,mevcut,zorla,deniz,korku,kazara,küp
kesme,duygu,zorlama,crypt,metanet,anjin,öncüsü,kesme,cömertlik,uzla?ma
muhalefet,albeni,orospu,suçlama,bar??,isteksizce,ba?kan,yontmak,itiraf,emek
can s?k?c?,k?zd?rmak,görevden,da??lmak,seks,porsuk,emin,?arbon,de?erlendirme,h?rs
yontmak,haz?r,genelev,dart oyunu,parlayan,sab?rs?z,ba???lama,k?r???k,tuzak çukuru,büsbütün
durma,avc?l?k,amortismana tabi,devre d???,ilik,k?rbaç,görevli,delilik,bomba,akademik
delilik,sonsuzluk,otopsi,utanma,ahlâk,devams?zl?k,içerik,iptal etmek,?a??rt?c?,amiral
iptal etmek,teslim,bürokrat,alt,sahip olmak,yasad???,övgü,kirlenmi?,kre?endo,hayranl?k
sterlin,öngörülen,kanl?,?eytan,inand?r?c?,sahte olarak,sürpriz,affedilmez,yakalamak,unutulmaz
yang?n,kaydetmek,bula?t?rmak,öcü,nefis,meydan okuyan,de?i?tirme,ürkek,madalya,hakikat
affedilmez,intikam,tuhaf,deh?ete kap?lm??,sanat,töhmet,kal?nt?lar,durgun,kand?rmaca,seven
kaçak,istenilen,terörist,leke,te?vik etmek,çal?nt?,onaylayarak,küçültmek,Güne?,kabile
?iddetli,excel,yabanc?la?t?rma,haçl? seferi,kaynaklar,suçlu,refah,firari,a??rlamak,etkinle?tirmek
firari,f?rt?nal?,küçültücü,feryat,?enlik,takla,tam,yal?tmak,ba??ms?zl?k,adalet
ölen,vadesi geçmi?,tedavi etmek,askeri,gayretli,çeli?kili,itimat,ölen,heyecan,hakiki
barbar,bonus,ahlaks?zl?k,yaltaklanmak,arkada??,starved,uzatmak,zay?f,sulu kar,dana eti
alkolizm,aleyhtar,Sülükler,bombalamak,ilk do?an,bürokrasi,tap?nmak,hantal,mest,ödül
revolver,kurtulu?,?üphesiz,cehennemi,spa,önyarg?l?,akademi,bast?rmak,uyarma,nöbetçi
hayal k?r?kl???,mevcut,yo?un,dreadfully,kutlama,biyopsi,konfor,alkolizm,korkmak,gelin
boks,sonar,ac?l?k,harap,dikkate de?er,kimli?e bürünme,geli?tirmek,revolver,sevindirmek,takdir
k??k?rt?c?,yutturmaca,çarm?ha germe,cezaevi,yerine getirmek,iddianame,sevgili,mozole,s?çrama,gururlu
pis,bar??,intihal,i?renç,heyecanl?,hakemlik etmek,kahramanca,hayal k?r?kl???,tesadüf,eskort
vah?ilik,seks,bo?anma,bebek,a?aç,arsenik,say?lar,pis,krem,dayan?kl?
aldat?lmak,aramak,hakaret,ha?ere,insanc?l,terketmek,üretim,bitirmek,acil durum,taahhüt
kolun ön k?sm?,çimlenme,haks?zl?k,ayaklanma,sevme,irtifak hakk?,içtenlikle,çökü?,sald?rmak,anayasal
grev,parlayan,hipertrofi,iltica,melek gibi,akrep,kaymakta??,özürlü,yüceltmek,vali
kümes,ahlâk,Deccal,dinozor,?ifa,omurga,?a??lacak derecede,pi?manl?k,rave,yeti?tirmek
patlay?c?,sahip olmak,duygu,menetmek,Kuzu,çöpçü,kokulu,ceset,selamlama,devriye
çarp??ma,tehdit etmek,kar???kl?k,hidrosefali,do?um,çile,yard?mseverlik,dalg?n,melek,albay
pound,sunmak,kistik,cehennem,heyecanland?rmak,diktatörlük,sevimli,can s?k?nt?s?,sürekli,kiri?
wimpy,katarakt,gülünç,s?tma,burs,yular,önde,wimpy,budak,inançl?
at??ma,sanat,antipatik,h?rç?n,sevinç,y?pranm??,geçit töreni,fark gözetmek,erotik,kendine güvenen
fark gözetmek,gemi,fesat,a??rl?k,cömert,yakan,sabitlik,kovma duas?,gizem,silinmez
direnç,?enlik,ele?tirmek,bunal?ml?,ilham,trajik,ibadet,depresif,nefesi kesilmek,a??rl?k
kölelik,kehanet,k?zg?n,lav,çare,Lanet olsun,ta??nmaz,kölelik,gizlice,yerine getirme
insanl?k d???,iki y?ll?k,mide,silâhl?,ba?ar?l? olmak,al?koymak,çiftçilik,insanl?k d???,enfarktüs,zarafet
yara,borda,davac?,korku,e?lence,alem,kutsall?k,yara,cezbetmek,planlama
Allah's?z,ön,tirad,anar?ist,bo?u?ma,kas?tl?,çevik,kaç?rma,anomali,balay?
çözünme,ilk do?an,gözard?,kesme,kasa,uç,prens,çözünme,acil,ki?isel
defin,salg?n,cafcafl?,yontmak,jackpot,sersemlemi?,kahramanlar?na,defin,sald?rma,tutumluluk
centilmen,laik,oburluk,?arbon,uygar,açgözlü,muhte?em,riyakârl?k,aksilik,unutulmayan
riyakârl?k,spa,ham,delilik,kendinden geçmi?,lanetli,olumlu,verimsiz,al?nt?,tertemiz
hükümlü,da?,yar?m yamalak,iptal etmek,amin,maya,atletik,hilekâr,umutlu,ba???lamak
zorlama,kutlama,kukuleta,histeri,sad?k,duygusuz,huzurlu,imans?z,inkontinans,ta?ral?
senet,posta,doland?rmak,kirlenmi?,ya?a,ele?tirmen,çal??kanl?k,imkans?z,patlamak,sterlin
orospu,yak?nsama,aleyhtar,ürkek,mükemmel,patavats?z,seçenek,hükümlü,ba??rma,firari
Veri deposu,var??,yaralay?c?,kaçak,güne?li,ültimatom,uzla?t?rma,zorlama,ilhaml?,bakanl?k
amortismana tabi,hak etmek,k?zd?rma,?iddetli,genç,yoksun b?rakma,kütüphane,orospu,devirmek,yetki vermek
?ok,heyecanl?,kusmuk,küçültmek,buss,cad?,rab?ta,bir deri bir kemik,siklon,klan
destroyer,devrim,aptalca,firari,tazmin etmek,korkutmak,Advent,amortismana tabi,do?açlama,ö?retmek
küçümseme,a?aç,alayc?,ölen,ayd?nlatmak,anla??lmaz,Uyumlu,otopsi,ilerlemek,yard?mc?
zorla?t?rmak,insanc?l,tehdit,esir alan kimse,ba?ar?,vazgeçmek,hay?rl?,müzik,gülmek,kan?tlanm??
kanl?,t?bbi,bulant?,barbar,ustal?k,?i?manl?k,katedral,yal?t?lm??,uygulanan,etkinle?tirme
terörist,avc?,pis koku,alkolizm,ücret,keder,buza??,kanl?,pusu,bölünmez
yabanc?la?t?rma,ölümsüzlük,ahlâk,revolver,ebe,sitomegalovirüs,uyarlanabilir,üzülmek,ç??l?k,nedime
küçültücü,kurtarmak,öksürük,k??k?rt?c?,mucizevi,koma,övmek,küller,kayma,otomatik
tedavi etmek,sezgisel,tutuklu,pis,para,iftira,kat?,terörist,olay,resmen tan?nm??
ahlaks?zl?k,?ifa,küstah,sorgulamak,organ,giderler,minder,yabanc?la?t?rma,beslemek,ba?rahip
külüstür araba,do?um,tenezzül,çökü?,kucaklamak,Süresi dolan,vasi,k?rd?,gezi,rahip
yo?un,uyar?lar,ezme,özürlü,huzur,k?yamet,pivot,küçültücü,muayene,Gerçekler
ac?l?k,heyecanland?rmak,sevimsiz,patlay?c?,?evk,fark gözeten,e?it olarak,tedavi etmek,tatl?,manuel
çarm?ha germe,yolculuk,aldatma,yüzmek,hasat,isterik,canland?r?lm??,h?rpalanm??,gizlilik,Büyülü
trol,mukadder,hain,aslan,güzelle?tirme,salak,nezaketle,ac?l?k,kaprisli,evlilik
bo?anma,temsil,fiyaka,çalkant?l?,hobi,zorlamak,Kimlik,a??r? yük,uydurmak,diplomatik
kan davas?,büyücülük,salg?n,yamyam,anmak,s?ra,y?ld?zl?,çarm?ha germe,harika,duyarl?
hakaret,nihai,ah?r,üzücü,iyi,Bakteriler,erkek karde?,bo?anma,kabuk,pay
berbat,ilham,hastal?k,wimpy,a?mak,zoka,müte?ekkir,hedef,deney,formül
Deccal,çare,kir,kovma duas?,sadaka,bat?l inançlar? olan,???k saçan,geç,solucan,rahibe
duygu,ba?ar?l? olmak,termit,kölelik,mecburen,sürünme,arazi,sempati,merak,bereket
misilleme,e?lence,tembellik,insanl?k d???,dürüst,erteleme,kar??l?kl?,spekülasyon,hipotez,gerçeklik
gülünç,keskinle?tirmek,a?aç,yara,oy,nesli tükenmekte,komodor,kan davas?,beklemek,kre?
fesat,jackpot,Kasap,kaç?rma,buket,sahtecilik,kahkaha,zalimlik,ç?lg?nca,Kimlik do?rulama
k?zd?rmak,yaz??ma,kirli,çözünme,güzellik,e kar??,atlatma,duygu,maskara,?an
avc?l?k,Devam eden,verimsizlik,defin,öpücük,k?l,yanmaz,yas,ayr?lmak,derinlik
üzgün,olgunla?mam??,kirlilik,centilmen,nihayet,anakonda,alçaltt?,k?zd?rmak,ani,dede
ele?tirmek,kurcalamak,uyumsuz,günah ç?karma ile ilgili,ç?lg?n,?ike,arkeoloji,hastane,piknik,yüceltme
k?zg?n,bilim adam?,sansürcü,hükümlü,zevk almak,bunakl?k,muhabir,üzgün,anla?ma,formalite
intikam,mahkeme,jelatin,zorlama,ilahi,s?zlanma,m?knat?s,ele?tirmek,afet,i?tirakçi
davac?,diplomasi,safra,orospu,koy,aramalar,ku?kusuz,toprakl?,bilmece,tan?d?k
tirad,gizli,dü?manca,görevden,iyile?mek,abluka,etki,kurak,iltifat,bakire
aksatmak,yenilemek,bombaland?,di? hekimli?i,güzel,nefret etmek,ayr?nt?,beyhude,terk,günah ç?karma ile ilgili
f?rt?nal?,yar?n,huzursuz,bask?n,star,hasta,palyaço,tiranl?k,kahramanl?k,sorumlu
kukuleta,kendinden geçmi?,hapsetme,bat?rmak,gurur,sava? alan?,hak,korku ile,uyan?kl?k,kurmak
doland?rmak,önceden görmek,fuhu?,bir deri bir kemik,cömertlik,lanet,neden,tedbirsiz,aniden,tan?kl?k
i?kence,kumarbaz,sefil,amortismana tabi,zafer,kaç?rmamak,veren,aksatmak,davet etmek,gülümseme
tüfek,ufuk,tahri?,duraksama,emeklilik,bat?l inanç,seviye,vadesi geçmi?,deprem,tarafs?z
aleyhtar,mükemmel,iç içedir,otopsi,söz,zevksiz i?,adil,i?kence,tören,bat?rmak
yaralay?c?,güne?li,mülk,?ok,çocukluk,k?zam?k,karde?çe,onaylamama,katliam,haz?rlanm??
k?zd?rma,genç,kurmu?tur,destroyer,iyi huylu,yalanlamak,kesiciler,yaralay?c?,alkollü içkiler,yunus
aptalca,tazmin etmek,egoist,yal?t?lm??,kre?endo,karalama,e?,kasvet,istekli,ba?ar?l?
alayc?,ayd?nlatmak,tuvalet,dev,göksel,doland?r?c?l?k,en yüksek,alayc?,korkmu?,canons
rendelenmi?,ba?ar?,ha?arat,kanl?,?ükran,misilleme yapmak,öncü,kokain,sapt?rma,lezzet
tehdit,ke?fetmek,korkak,siren,çok güzel,kabaday?,kat,esaret,heyecan verici,bo?alma
suçlayan,tehlike,rengi de?i?mi?,üzülmek,üreme,ba? dönmesi,mabet,rahats?zl?k,ganimet,do?ruluk
ahlâk,ustal?k,soygun,terörist,atalar?,krank,ayd?nlatma,inand?r?c?,,mandalina
rahats?zl?k,ebe,irin,siyanür,dostluk,hakk?n kaybedilmesi,atlama,ateroskleroz,,yard?m etmek
tehdit etmek,para,saf olmayan,tümör,madalya,y?kmak,ba?armak,katarakt,,rehberlik
anla?mazl?k,endi?elenmek,yalamak,yabanc?la?t?rma,parlakl?k,mide buland?r?c?,kabul edilebilir,sanat,,saymak
k?nama,organ,bozulan,k?rd?,antika,gizlice sokmak,çiçek,önemsiz,,görü?mek
harry,iffet,müshil,küçültücü,Güne?,kan p?ht?s?,a??rlad?,harry,,ekonomi
y?ld?r?m,kucaklamak,ek?i,tedavi etmek,serbestçe,ay?rt etme,yeterlik,tutuklu,,inanm??
tutuklu,huzur,tiksinmek,Sülükler,a??rlamak,emir,??kl?k,çaresizlik,,tedavi etmek
ha?in,ne,yok etme,mafya,ba??ms?zl?k,bozay?,eklem,tenezzül,,conveyancing
doktrinle?tirme,ders,okuma yazma bilmeyen,u?ursuz,fatih,melun,kutsamak,aldatma,,?irket
küstah,kariyer,esir,h?rpalanm??,heyecan,i?itme,ta??nabilir,surats?z,,güvenilir
tenezzül,bitmez tükenmez,tüyler ürpertici,külüstür araba,mest,virüs,G?da,deh?eti,,teklif
ezme,hasat,kana susam??,yo?un,akrobat,yaralamak,klasikler,ilgisizlik,,yo?un
aldatma,tehlikeye atmak,?ss?z,sinsi,cümbü?,metastaz,ula?ma,ma?lup,,sinsi
surats?z,haz?rlamak,a?a??lay?c?,çarm?ha germe,uyarma,kal?nt?lar,tantana,sava?,,kur
hain,anmak,çöp,y?lanbal???,sevindirmek,komünizm,küçük,salg?n,,belirleme
sava?,iyi,d??lanan,trol,mutluluk,hezimet,dolgun,hastal?k,,bo?anma
salg?n,a?mak,etkisiz,di? a?r?s?,krem,hükümet,rubric,burkulma,,mimari
sald?rganl?k,mecburen,burun,eterik,yüceltmek,hortlak,mükemmellik,bo?ma,,usta
bo?ma,gaddar,homurdanma,bo?anma,rave,azd?rmak,kupa,uyu?turulmu?,,rehin
milis,isteka,mahçup,v?z?lt?,melek,pislik,yan?lmaz,milis,,mutlu
abartmak,peygamber,bozmak,hedef,erotik,a?a??lamak,kazanç,terminal,,itiraf etmek
yang?n felâketi,savunma,ezilmi?,spekülasyon,k?sa ve basit ?ark?,kaç?nmak,uzla?ma,dara?ac?,,inanan
dara?ac?,f?rsat,kolza,kan davas?,?öhret,i?ten ç?karma,emek,devrim,,kronik
hak etmek,oy,sümüklüböcek,patlama,fevkalade,hay?r,h?rs,k?tl?k,,duygu
azarlama,gözetlemek,metres,hipertrofi,?ampiyon,oyalanmak,dam?tma,endokardit,,hastane
devrim,birle?mek,sürtük,Deccal,tamamlad?ktan,ölümlü,af,silinme,,güvenmek
a?aç,belirtmek,gübre,duygu,festival,donakalm??,saf saf,konsol,,sonsuzluk
Kasap,bebek öldürme,istifa etmek,deflasyon,cezbetmek,kaza,ileri,zay?flama,,cemaat
k?tl?k,öpücük,nefret dolu,hastane,gülme,geli?memi?lik,kongre,verimsizlik,,dans
dü?manl?klar,giyotin,boynuzlamak,avc?l?k,ço?unluk,kesici,akademik,avc?,,kaydetmek
uyumsuz,kaç??,y?lan,ele?tirmek,servet,cinayet,görev,gönül yaras?,,vicdan
sansürcü,rehabilitasyon,a?r?,toprakl?,p?r?lt?,çamurlu,Charmed,uyumsuz,,excel
safra,nihayet,deforme olmu?,intikam,yaltaklanan,k?namak,amiral,çam,,teolojik
dü?manca,aç?lmak,paçavralar,tiranl?k,umutlu,a??nd?r?c?,bedensel,utand?rmak,,müba?ir
kavga,ç?lg?n,yava? ilerleme,korku ile,seçkin,dumanl?,saadet,yabanc?la?m??,,takdire de?er
hapsetme,zevk almak,açgözlülük,kukuleta,masaj,intihar,kas,ba?lant?s?z,,mevcut
müddet,vizyon,yaman,i?kence,güne?,kötülük,hayranl?k,hapsetme,,kurye
heyecanland?rmak,ilahi,gaddar,tüfek,arkada?,ta?k?nl?k,senaryo,fuhu?,,metanet
tahri?,koy,nispet,aleyhtar,ilhaml?,engerek,unutulmaz,gev?ek,,rutin
mülk,sürünen,antisosyal,müba?ir,ilerleme,hastal?kl?,tarifsiz,tahri?,,mürit
gözleme,güzel,kat?la?m??,tahliye etmek,ziyafet,haks?z,hakikat,gözleme,,bar??
kurmu?tur,ku?atma,dürüst,yaralay?c?,ne?eli,abuk sabuk,memnun olmak,k?t,,seks
f?rt?na,al???lm??,suç,korkutucu,ilerlemek,discards,seven,inme,,gevrek
ha?arat,deh?et,ac?,tehdit,Tanr?,brüt,müdahale,bay?lma,,ilik
korkak,star,itaatsizlik,hidra,mutlulukla,SA?IR,hayran,feci,,ahlâk
feci,cömertlik,orc,suçlayan,ne?e,geçit töreni,güdü,b?çaklama,,sahip olmak
b?çaklama,sab?rl?,itibars?z,hayrete,telâfi etmek,demoralize,etkinle?tirmek,rengi de?i?mi?,,te?vik etmek
soygun,zafer,ya?l?,?zd?rapl?,gülmek,tahribat,gevezelik,soygun,,kuvvet
çete,emeklilik,karakurba?as?,rahats?zl?k,inanç,ta??nmaz,esnaf,bozulan,,kaynaklar
feodalite,itiraf,ilgi,tehdit etmek,c?v?ldamak,uymamak,adalet,öldürmek,,tapu
dirsek,istikrars?z,bebek öldürme,patlatmak,uygulanan,istihza,iki dil bilen,feodalite,,biçimlendirici
tiksinmek,kre?endo,pire,ateroskleroz,orgazm,tahrif,hakiki,yoksul,,resmi
ba??rmak,bekleyen,ihmalci,katarakt,nakit,cinsel,kazanan,tasarrufunu,,?enlik
tasarrufunu,titreme,bula??c?,tutuklamak,sayg?,öldürme,arz,ba?sa?l??? dilemek,,abaküs
keskinle?tirmek,göksel,zehirli,y?ld?r?m,beslemek,perili,ödül,esir,,destek
yok etme,azaltmak,giyotin,tutuklu,iyile?tirmek,karanl?k,nöbetçi,?ss?z,,optimist
esir,madalya,nihayet,ha?in,kutsama,esir etmek,gelin,çöp,,barmen
gürültülü,mikrop,dizanteri,doktrinle?tirme,tatl?,yükselmek,takdir,d??lanan,,gayretli
hayal k?r?kl???na u?ram??,gün bat?m?,yap??kan,çaresizlik,a?inal?k,Çingene,i?gal,zorunluluk,,De?erlendirici
kana susam??,parlakl?k,koy,ezme,güler yüzlü,adaletsiz,gururlu,dwarfed,,kumta??
?ss?z,Güne?,bariz,sevimsiz,nükteli,kist,tamamlama,mahçup,,kamyon
mahkeme,koklama,zehir,aldatma,harika,onursuzluk,dayan?kl?,bozmak,,arkada??
do?um yeri,devam,sahtekârl?k,deh?eti,çekici,köle,masal,savunmas?z,,yönetmen
sertlik,temyiz,holocaust,hain,günahlar?n ba???lanmas?,ba?a?r?s?,patent,katil,,ilk do?an
homurdanma,a??rlamak,sakat,kobra,hedonizm,iktidars?zl?k,ekili,ezilmi?,,içerme
zalimce,ba??ms?zl?k,limon,sava?,e?lenceli,sa?lam,taahhüt,görevi ba??nda bulunmayan kimse,,kusursuz
bozmak,heyecan,is,salg?n,beyaz,a?a??,kontes,serseri,,politika
katil,cümle,kusmu?u,sald?rganl?k,övme,ihmal,anayasal,kolza,,kimyager
ezilmi?,uyarma,afyon,hastal?k,tezahürat,yumru,asker,k?s?tlamak,,spa
top,korkmak,yara izi,ejderha,memnun,utanç verici,bebek,sürtük,,y?k?lamaz
kat?lm?yorum,boru,zararl?,milis,a?k,Pislik,temizleyici,sona ermek,,kutlama
k?yas?ya,borç senedi,tuzak çukuru,yang?n felâketi,adak,hürmetsizlik,yeti?tirmek,darülaceze,,ansiklopedi
kolza,mutluluk,kanama,terminal,geli?me,cenaze teskeresi,çekicilik,k?s?rl?k,,dikkate de?er
metres,tesadüf,lord,dara?ac?,piknik,goril,albay,istifa etmek,,ak?l hocas?
ortadan kald?rmak,krem,dindar,hayalet,anla?ma,snob,?arj,nefret dolu,,onay
sald?r?,yüceltmek,?zin verilmeyen,devrim,iltifat,tutuklama,vak?f,tehlike,,hak etmek
istifa etmek,sefer,ac?mas?z,kas?rga,sevgilim,a?a??lama,kiri?,endi?elenmek,,heyecanl?
nefret dolu,konsey,hurda gemi,Kasap,hibe,itaatsiz,dostane,corse,,koç
eksiltmek,melek,kâfir,k?tl?k,kilise,?ehitlik,e?itmek,mücadele,,a?aç
para,erotik,cadaloz,endokardit,kahramanl?k,istila,kendine güvenen,a?r?,,insanc?l
mücadele,gizem,t?kaç,dü?manl?klar,esprili,y?rt?k,uygulama,rezillik,,dermatolog
katlanmak,aç,mikrop,itaat etmek,davet etmek,pul,silinmez,s?k?c?,,doktor
bitmez tükenmez,?ampiyon,paragöz,t?bbi,uyum,dalma,hakim,Ücretli,,sevme
?evk,Beklenti,bezdirmek,y?pratmak,ziyaretçi,kalk??,azim,peri?an,,itaat etmek
tekme,tamamlad?ktan,kand?rmaca,avc?,tören,karaya oturmu?,adresler,katlanmak,,t?bbi
k?rmak,cezbetmek,kötüleyici,sansürcü,sar?lmak,belirsiz,a??rl?k,deforme olmu?,,milletvekili
açgözlülük,acil,benek,ter,bahçe,taklit etmek,büyülemek,hata,,sansürcü
yaman,tartmak,ho?nutsuzluk,korkusuz,melisa,dikkat,yerine getirme,vergi,,flan?
müdür,vasiyetname,yuh,a??r silahlar,alkollü içkiler,yanl??,zarafet,k?rmak,,kap?
manevi,çöl,sulu kar,dü?manca,kapatma,saçma,silâhl?,anmak,,takipçi
çekim,tebli?,cümle,bo?azlar,istekli,yumruklamak,planlama,unutulmu?,,yolda?
yumruk,p?r?lt?,sövgü,do?um,kurdele,yanl?? bilgi verme,geri ödemek,gaddar,,yönetmek
gaddar,komplocu,huysuz,huzursuz,e?itlik,amaçs?z,ikiz,antisosyal,,melek gibi
nispet,do?rulanmam??,sonras?nda,hapsetme,heyecan verici,tabut,bolca,ç??,,müttefik
antisosyal,al?nt?,korkmak,uyar?lar,ganimet,anla?mak,balay?,savunma,,?ifa
kat?la?m??,umutlu,zulüm,heyecanland?rmak,,avukat,mant?ksal,dürüst,,Kuzu
dürüst,varmak,s?n?rlanm??,mülk,,Zil,tutumluluk,suç,,do?um
suç,a??lama,ya?ma,k?t,,kovmak,unutulmayan,oy,,sayg?n
oy,ilerleme,heartworm,inme,,atlatma,tertemiz,ac?,,sib
itaatsizlik,ziyafet,sald?rgan,karars?zl?k,,snags,minnettar,terkedilmi?,,kararla?t?r?lm??
orc,beklenti,rave,büyücülük,,söylenti,ba???lamak,gidermek,,yemin
gözetlemek,de?irmen,yobaz,bay?lma,,?üphe,sterlin,as?k suratl?,,veli
clashing,ilerlemek,taklitçi,ha?arat,,amans?z,lütuf,ilgi,,cömert
itibars?z,çimento,yaprak biti,korkak,,u?rak,çaba,bebek öldürme,,sayman
terkedilmi?,Tanr?,?eytani,feci,,gayri me?ru,bakanl?k,zahmetli,,korumal?
asi,eli kula??nda,dengesiz,b?çaklama,,ta?,ebedi,kale,,çare
bebek öldürme,bekliyor,faul,soygun,,etki,belagat,ihmalci,,ba?ar?l? olmak
ihmalci,ayak i?leri,kin,çete,,sakinlikle,ciddi,bula??c?,,bekçi
zehirli,telâfi etmek,ç?karc?,öldürmek,,havlama,ö?retmek,oruç tutma,,grafik
giyotin,gece nöbeti,inilti,müshil,,Dikkat,zekâ,zehirli,,hem?ire
kundakç?l?k,inanç,engellemek,ac? veren,,s???r,rezerv,giyotin,,asil
?aplak,prognoz,acil,bekçi,,kaybetme,yard?mc?,?aplak,,kasa
kökünü kurutmak,orgazm,sald?rma,tasarrufunu,,yerle?im bölgesi,çözüm,musibet,,diferansiyel
isyan,burç,yoksulluk,amortisman,,zorluklar,etkinle?tirme,yokluk,,itfaiyeci
kar??,nakit,dola??k,bulutluluk,,rezil,doldurmak,bitik,,üstünlük
adam öldürmeye meyilli,e?itmen,toprak,yok etme,,enkaz,nedime,çalmak,,pakt
çalmak,sayg?,yarat?k,esir,,kadavra,iletkenlik,disheartened,,bilim adam?
çat??ma,beslemek,putperestlik,tüyler ürpertici,,esrarengiz,lüks,sert,,uygar
ç?lg?n,iyile?tirmek,onaylamayan,kana susam??,,mezar,resmen tan?nm??,san?k,,diplomasi
san?k,ray,yozla?ma,anne,,en yüksek,dahi,endi?eli,,servis
bariz,kutsama,komplocu,?ss?z,,ba??na gelmek,ustaba??,dizanteri,,alg?lamak
zehir,tatl?,aksilik,balya,,asit,rahip,ilahi,,komisyon
küfür,a?inal?k,rezalet,mahkeme,,tahviller,Gerçekler,mülteci,,adaçay?
holocaust,uydurmak,k?rkmak,gözetim,,fetih,ciddiyetle,kay?p,,görgü tan???
s?k?nt?,evsiz,bakteri,tehlikeli,,uyarmak,niteleyici,zehir,,lekesiz
s?n?rd???,?ekillendirme,soyguncu,sertlik,,alay,hediye,otlar,,hap
baston,bilinmeyen,çocukça,dwarfed,,ihti?am,lezzetli,holocaust,,karine
önyarg?,havaliman?,misplace,zalimce,,Suikast,yüzmek,tufan,,pusula
afyon,e?lenceli,ölüm perisi,bozmak,,antipati,Büyülü,s?n?rd???,,amin
yara izi,astronom,parçalama,savunmas?z,,disfigured,e?lendirdi,gömülü,,önceden görmek
suçlamak,beyaz,içler ac?s?,katil,,Piç,aslan,afyon,,kad?n ba?kan
tuzak çukuru,deney,cüzam,ezilmi?,,firar,evlilik,emeklilik,,sezgi
sözler,inkar,yanm??,top,,grip,sebat,itiraf,,sars?lmaz
uyan,solucan,inatç?,enflasyon,,homurtu,do?um günü,yara izi,,sad?k
bomba,kader,be?enmeme,sad?k,,hezeyan,büyüleyici,tuzak çukuru,,antiseptik
kapat?lma,merak,sark?nt?l?k,dikkatli,,hücum,diplomatik,i?sizlik paras?,,mükemmel
?zin verilmeyen,hipotez,dayan?lmaz,k?yas?ya,,sünger,pay,istikrars?z,,tazminat
titreme,beklemek,geto,apache,,yetersizlik,formül,kanama,,tazmin etmek
ac?mas?z,ç?lg?nca,bask?c?,kolza,,müjdeci,bereket,bomba,,omuz
kâfir,adak,hileli,timsah,,yabanc?la?t?rmak,gerçeklik,kapat?lma,,sayg?lar
?iddet,aç?k art?rma,yalan söyleme,ortadan kald?rmak,,dökülmek,astronot,ne yaz?k ki,,onama
hüsran,ba?vuru sahibi,fahi?e,sürtük,,yiyip bitirmek,kre?,i?siz,,ebe
vermek,düello,zalim,sald?r?,,yalanc?,ephemeris,donuk,,para
delik,k?sa kürek,suçluluk,istifa etmek,,sürgün,?an,dindar,,iffet
paragöz,piknik,teessüf,nefret dolu,,gereksiz,derinlik,?zin verilmeyen,,kucaklamak
bezdirmek,dakik,pamukçuk,tehlike,,Yaralanma,forte,titreme,,bilgelik
kand?rmaca,anla?ma,tiksinme,y?lan,,kötü,yüz ki?ilik bölük komutan?,a?layan,,huzur
kötüleyici,iltifat,çökük,el bombas?,,belso?uklu?u,yüceltme,sakatl?k,,ders
ac?yan,sevgilim,iflas,endi?elenmek,,kupa,ken,serinkanl?,,topluluk
süngü,hibe,umutsuzluk,mücadele,,entrika,i?tirakçi,?iddet,,ileti?im kurmak
kuruntu,sinir,çirkin,Ücretli,,sahtelik,tan?d?k,?ehit,,ilgili
egemenlik,zaman,ç??l?k,z?rhl?,,co?ma,bakire,yetim,,papaz cüppesi
kaos,kilise,s?çan,tehlikeye atmak,,kötü niyetli,soylu,negro,,güvence
siyaset,kahramanl?k,depreciate,k?rmak,,çekilmek,majör,vermek,,güzelle?tirme
yuh,uyan?kl?k,grotesk,s?n?rlamak,,sülük,organik,paragöz,,basit
sava?ç?,birle?me,çekinme,müdür,,kesilme,tasar?mc?,kand?rmaca,,iyi
cümle,kayg?,tedavi edilemez,çekim,,iltihap,otlak,kötüleyici,,mecburen
sövgü,üniversite,bo?a ç?karmak,unutulmu?,,behemot,sorumlu,tahliye ettirmek,,müdür
ma?rur,arabulucu,küçümsemek,gaddar,,yenilgi,erkekçe,ac?yan,,manevi
huysuz,elden,sak?ncal?,nispet,,silmek,pasta,kuruntu,,ç?rak
uyarma,davet etmek,ok?amak,antisosyal,,tutars?z,bitkisel,dü?en,,kartal
sonras?nda,ziyaretçi,ihanet,uyar?,,büfe,tan?mlay?c?,körlük,,kefil olmak
tabanca,melisa,para h?rs?,ç??,,ceza,ke?if,bunalm??,,teyze
zulüm,alkollü içkiler,monokrom,aç?k,,dizginlemek,nazik,egemenlik,,peygamber
s?n?rlanm??,kapatma,vah?et,savunma,,crypt,gülümseme,kaos,,dürüst
Yerinden,istekli,itici,kat?la?m??,,suçlama,Al?nan,cümle,,valiye ait
reddetmek,dikkat da??t?c?,kaprisli,dürüst,,sayg?s?zl?k,tarafs?z,huysuz,,oy
k?zak,kurdele,de?ersiz,suç,,da??lmak,bat?rmak,sonras?nda,,önermek
sald?rmak,diyet,despotluk,ac?,,habersiz,arzulamak,tabi,,gözetlemek
sald?rgan,heyecan verici,göze batan,orc,,bozulma,haz?rlanm??,cenaze,,garanti
rave,,öldürücü,disiplin,,köpük,yunus,umutsuz,,buket
yobaz,,evsiz,clashing,,Charmed,par?lt?,korkmak,,fakülte
tabur,,hayvani,itibars?z,,cinnet,ba?ar?l?,yaral?,,kale
taklitçi,,ishal,mahmuz,,buzzed,yard?m,zulüm,,aga
diktatörce,,çirkinle?tirmek,asi,,çal??mayan,paha biçilmez,s?n?rlanm??,,k?lavuz
kükürt,,tahrif etmek,bebek öldürme,,sarkma,lezzet,Yerinden,,nihayet
?eytani,,sokak köpe?i,uçan,,devre d???,müzik,yok,,hay?rsever
dengesiz,,koku,kale,,utanma,bo?alma,reddetmek,,çentik
faul,,tahliye,bula??c?,,siyah,estetik,acil durum,,zevk almak
kin,,iffetsiz,canavar,,aras?,davetiye,k?zak,,ilahi
ç?karc?,,kakofoni,ate?,,alt,mandalina,çorak,,iyile?mek
reddeder,,zehirlenmi?,zehirli,,?eytan,yard?m etmek,?ss?zl?k,,çok önemli
dantel,,sivilce,giyotin,,sahte,ünsüz,istifa,,onurlu
gizlice,,amfetaminler,kundakç?l?k,,öcü,kafe,çaresiz,,güzel
karga?a,,dava edilebilir,sanr?,,müdahale,rehberlik,sorun,,ambulans
pow,,Varsay?lan,kaç??,,deh?ete kap?lm??,bilen,Tehlike,,aksiyom
bariyer,,üzmek,?aplak,,a?arm??,bira,kin,,rektör
engellemek,,so?ukluk,aga,,inanmamak,saymak,ç?karc?,,özenli
sald?rma,,sefahat,isyan,,t?slama,görü?mek,reddeder,,seçkinler
çalkalama,,bereketli,kask,,leke,havuz,dantel,,uzmanl?k
yoksulluk,,kötülemek,yokluk,,haçl? seferi,taml?k,ka?lar?n? çatmak,,makine
dola??k,,ç?lg?nca,bitik,,feryat,tedavi etmek,inilti,,star
dü?man,,ç?ban,kar??,,aberasyon,tebrik,kalpsiz,,cömertlik
onaylamayan,,si?il,adam öldürmeye meyilli,,uzakla?m??,yüreklendirmek,engellemek,,zafer
ihtilaf,,beceriksiz,çalmak,,vah?i,?irket,sald?rma,,emeklilik
yozla?ma,,septik,Gladyatör,,harcanm??,aray???,ya?l?,,noter
söndürmek,,basur,korkakça,,yamyaml?k,güvenilir,çöl,,söz
komplocu,,ya?,ç?lg?n,,yaltaklanmak,teklif,yoksulluk,,de?erlendirme
rezalet,,cüce,san?k,,bombalamak,yo?un,dola??k,,uyan?k
k?rkmak,,afet,koy,,cehennemi,kolayl?k,besleyici,,yasama organ?
agresif,,dü?üncesiz,zehir,,dreadfully,ki?neme,dü?man,,dinç
çocukça,,kaba,holocaust,,so?uk,tost,onaylamayan,,idari
iftira olan,,k?skanç,tufan,,harap,kur,depresyon,,lord
pervas?z,,bula?ma,ambulans,,duyulamaz,ortak merkezli,yozla?ma,,kre?endo
misplace,,kirlenme,silahlanma,,Habe? maymunu,maceraperest,aksilik,,dindar
a??rla?t?r?lm??,,bok,s?n?rd???,,ambargo,kitapsever,rezalet,,göksel
ölüm perisi,,indirgemek,baston,,cezaevi,belirleme,k?rkmak,,çerçeve
a??rla?t?r?c?,,ba?ar?s?zl?k,gömülü,,i?renç,bal?k türlüsü,harabe,,mühür
patlamak,,y?k?c?,deh?et,,kafes,e?lendirmek,ölüm perisi,,enstitü
dava açmak,,dü?manl?k,afyon,,Sevmedi?i,v?z?lt?,a??rla?t?r?c?,,hakem
ba??rma,,nankör,emeklilik,,yaygara,sansasyonel,hüzün,,imza
ay?,,o?lan,itiraf,,gurbetçi,hedef,bombac?,,ola?an
k?s?tlama,,yoksunluk,yara izi,,ha?ere,usta,patlamak,,atalar?
içler ac?s?,,amonyak,zararl?,,olta ile bal?k tutma,rehin,soyu tükenmi?,,dostluk
p?t?rt?,,güvensizlik,suçlamak,,kovu?turma,sempati,ötenazi,,madalya
inatç?,,gönülsüz,tuzak çukuru,,ayaklanma,mutlu,dava açmak,,parlakl?k
be?enmeme,,oluk,uyan?k,,dü?me,engin,aksak,,dilbilgisi
sark?nt?l?k,,herpes,istikrars?z,,iltica,itiraf etmek,peçete,,bütçe
yersiz,,araf,kanama,,iç karart?c?,inanan,özsu,,hizmetçi
bask?c?,,te?rih,bomba,,küçümseyen,kronik,ölmü?,,antika
anar?i,,as?l?,kapat?lma,,menetmek,ev idaresi,parçalama,,kullanmak
karga?al?,,hariç tutma,i?siz,,hidrosefali,duygu,ilerleme,,subay
talep etmek,,korkunç,?zin verilmeyen,,cehennem,albeni,merhum,,Güne?
hileli,,ahlaks?z,titreme,,gerileme,sakin,yok etmek,,yap??an
Kald?r,,inanmaz,di?leri,,yalan,sonsuzluk,taziye,,serbestçe
yalan söyleme,,i?renme,ac?mas?z,,uygunsuzluk,cemaat,k?s?tlama,,etkili
yüzle?tirmek,,bu durumda,kâfir,,Bekleyin,bilinç,içler ac?s?,,ke?i?
ac?tmak,,aforoz,haciz,,oyuk,teslim,cüzam,,ba??l
zalim,,tükürmek,cadaloz,,s?tma,öngörülen,sark?nt?l?k,,uyma
çat?rt?,,ret,s?k?nt?l?,,??r?nga,dans,dayan?lmaz,,ba??ms?zl?k
teessüf,,utanç,?iddet,,h?rç?n,cicili bicili,geto,,sigortalamak
pamukçuk,,bo?alt?m,?ehit,,a??rl?k,vicdan,apandisit,,bankac?
muhalif,,k?skançl?k,yetim,,bunal?ml?,kibar,kimsesiz,,mest
pusu,,katliam,sap,,gaby,örneklemek,komada,,akrobat
iflas,,kamç?lamak,vermek,,lav,beyin,bask?c?,,onayl?
umutsuzluk,,durgunluk,paragöz,,silâhl?,kad?n,k?smet,,dan??man
ç??l?k,,gecikme,barikat,,tedirgin,istenilen,talep etmek,,do?ru
günah keçisi,,ba?naz,kand?rmaca,,mengene,excel,Kald?r,,ileti?im
nakit,,kusmak,süngü,,korku,atom,zalim,,Paraguay çay?
depreciate,,h?rs?zl?k,kuruntu,,yap??kan madde,f?rt?nal?,suçluluk,,tutarl?l?k
talep,,kurtçuk,egemenlik,,korsanl?k,efsanevi,teessüf,,kongre üyesi
?a??rtmak,,düzenbaz,kaos,,anar?ist,türkü,çökük,,yüceltmek
ray,,Çürük,prosedür,,kesme,tereya?l?,iflas,,rave
çekinme,,p?s?r?k,sava?ç?,,ç?lg?nl?k,bonus,umutsuzluk,,konsey
tedavi edilemez,,,heyecan,,sab?rs?zl?k,lehçe,çirkin,,melek
bo?a ç?karmak,,,çakal,,muhalefet,kurtulu?,cenaze arabas?,,sürekli
küçümsemek,,,cümle,,muziplik,kolayca,h?çk?r?k,,erotik
sak?ncal?,,,akrobat,,can s?k?c?,ihtiyari,çekinme,,te?kil
ok?amak,,,uyarma,,yontmak,bulma,tedavi edilemez,,atama
ihanet,,,sonras?nda,,durma,takdire de?er,bo?a ç?karmak,,aldatan
para h?rs?,,,cin,,?arbon,k?k?rdama,sak?ncal?,,dantel
kat?r,,,umutsuz,,delilik,çal??ma,kutsama,,?ampiyon
vah?et,,,korkmak,,iptal etmek,romantizm,ihanet,,backer
onaylanmad?,,,yaral?,,histeri,mevcut,vah?et,,ba?l?k
itici,,,tabanca,,ihtilâs,hareketlendirmek,onaylanmad?,,gözalt?
de?ersiz,,,girdap,,sterlin,sonar,de?ersiz,,sa?lamak
despotluk,,,zulüm,,yang?n,dayan?kl?l?k,despotluk,,a??nma
göze batan,,,ev ödevi,,kirlenmi?,metanet,öldürücü,,cezbetmek
evsiz,,,s?n?rlanm??,,affedilmez,kabile reisi,evsiz,,kredi
yerinden etmek,,,kaçmak,,ürkek,rutin,vatan hasreti çeken,,tartmak
sokak köpe?i,,,Yerinden,,pasiflik,bar??,yerinden etmek,,vasiyetname
koku,,,reddetmek,,kaçak,onaylayan,özür dilemek,,korunan
tahliye,,,acil durum,,durgun,seks,tahliye,,patron
Obstrüktif,,,k?zak,,?iddetli,benlik,paramparça,,ya?l?lar
kabuk,,,sald?rmak,,küçültmek,parlayan,kabuk,,ba?l?l?k
zorluk,,,yobaz,,firari,ilik,zorluk,,ço?unluk
kakofoni,,,?ss?zl?k,,ölen,ahlâk,zehirlenmi?,,radar
zehirlenmi?,,,kükürt,,zay?f,sahip olmak,handikap,,havari
dava edilebilir,,,?eytani,,seyreltik,inand?r?c?,büyük,,servet
büst,,,çaresiz,,esir alan kimse,hafifletmek,Varsay?lan,,samimiyet
so?ukluk,,,y?lmaz,,hantal,nefis,üzmek,,divan
pil,,,sorun,,barbar,sanat,so?ukluk,,erdem
yan?ta kat?lmamak,,,Tehlike,,bast?rmak,te?vik etmek,d??lamak,,umutlu
tart??mal?,,,dengesiz,,e?ek,etkinli?i,yan?ta kat?lmamak,,do?rulama
kompres,,,faul,,mart?,kuvvet,halsiz,,aç?kl?k
silâhlanma,,,ç?karc?,,zay?flat?lm??,kaynaklar,bereketli,,komite
kötülemek,,,reddeder,,alkolizm,biçimlendirici,kötülemek,,ak?ll?
intikamc?,,,diktatör,,revolver,?enlik,cerrahl?k,,arkada?
alevlenme,,,dantel,,ald?rmamak,transandantal,amboli,,ilhaml?
su geçirmez,,,ö?üt,,geriye do?ru,destek,kanser,,çubuk
beceriksiz,,,gizlice,,hayal k?r?kl???,optimist,da??lan,,a??lama
düello,,,enfarktüs,,k??k?rt?c?,gayretli,ayr?lmak,,lider
mücâdele,,,komplo,,pis,kumta??,bedenden ayr?lm??,,uzman
sanr?sal,,,anomali,,çarp?tma,?ncil'deki,cenazeci,,mürebbiye
cüce,,,titremek,,vah?ilik,arkada??,ya?,,ilerleme
afet,,,acil,,tembel,yönetmen,afet,,toplu olarak
dü?üncesiz,,,sald?rma,,çökü?,te?vik,k?r?lgan,,ne?eli
anar?izm,,,yarmak,,yaramaz,özür,dü?üncesiz,,çimento
kemer,,,çöl,,aldat?lmak,ilk do?an,istenmeyen,,Tanr?
k?skanç,,,yoksulluk,,özürlü,ku?atmak,sevgilim,,kupon
bombard?man,,,dola??k,,grev,ak??,terk,,denetçi
asabi,,,putperestlik,,kümes,kusursuz,ba?ar?s?zl?k,,ba?r?na basmak
terk,,,despot,,?i?mi?,kimyager,dilenmek,,savunma oyuncusu
bok,,,yoldan,,patlay?c?,spa,mezarl?k,,küfretmek
?antaj,,,sallanmak,,doland?r?c?,y?k?lamaz,y?k?c?,,ayak i?leri
y?k?c?,,,komplocu,,pi?manl?k,an?t,sark?k,,iç tüzük
dü?manl?k,,,aksilik,,çarp??ma,kültür,yoksunluk,,telâfi etmek
nankör,,,kaç?nma,,Bölünmü?,kutlama,hapis,,büyükelçi
yoksunluk,,,bakteri,,çürük,ansiklopedi,külfetli,,inanç
meydan okuma,,,agresif,,çalkant?l?,ortak,yak?n?n? kaybetmi?,,güvenilirlik
güvensizlik,,,soyguncu,,ceset,dikkate de?er,tahrip,,uygulanan
tahrip,,,pervas?z,,ba??bo?,Mart,kayg?,,takas
kayg?,,,a??z,,yamyam,yerine getirmek,dul,,çocuk bak?c?s?
gönülsüz,,,harabe,,tokluk,ak?l hocas?,as?l?,,antifungal
kavrulmak,,,zindan,,üzücü,izin verilebilir,hariç tutma,,nakit
saçmal?k,,,ölüm perisi,,pound,ucuz,kulübe,,e?itmen
as?l?,,,kâbus,,gecikmi?,hak etmek,korkunç,,kamarot
korkunç,,,cezaland?rmak,,can s?k?nt?s?,heyecanl?,ahlaks?z,,sayg?
ahlaks?z,,,bombac?,,wimpy,devrim,i?renme,,?a??rtmak
inanmaz,,,patlamak,,rahibe,a?aç,bu durumda,,beslemek
i?renme,,,ötenazi,,bereket,isteklilik,aforoz,,iyile?tirmek
ar?,,,dava açmak,,abartma,insanc?l,iflas etmi?,,ifadesi
bu durumda,,,ba??rma,,at??ma,accueil,negatif,,seçilmi?
aforoz,,,ihlal,,bilgisiz,hayatta kalmak,ret,,çamurluk
içerlemek,,,aksak,,komünist,itaatkâr,utanç,,kutsama
argümanlar,,,çubuk,,fark gözetmek,doktor,yaz?k,,dogma
ret,,,hançer,,kovma duas?,adam kay?rma,ölüm,,tan?k
k?skançl?k,,,karar,,ensest,sevme,k?skançl?k,,kat?r
deprem,,,parçalama,,depresif,konsol,deprem,,tatl?
katliam,,,hayalet gibi,,direnç,zanaat,katliam,,e?siz
adaletsizlik,,,ay?,,kölelik,verilen,bitkin,,hesaplar?
k?p?rdamak,,,yok etmek,,insanl?k d???,düzeltmek,kapatma,,ittifak
s?cak,,,k?s?tlama,,göt,t?bbi,kamç?lamak,,a?inal?k
dikkat da??t?c?,,,siklon,,yara,sa?l?k,durgunluk,,kontluk
kamç?lamak,,,içler ac?s?,,Allah's?z,ölümsüz,gecikme,,ba???
durgunluk,,,cüzam,,kaç?rma,sa?l?kl?,ba?naz,,kararl?
kurdele,,,savunmak,,çözünme,de?erli,kurban,,yönetim
gecikme,,,ilerlemek,,defin,geli?mi?,h?rs?zl?k,,onur
ba?naz,,,Tanr?,,centilmen,?aka,a?lamak,,vicdanl?
kurban,,,sark?nt?l?k,,fanatik,korkusuz,kesilmi?,,harika
kand?rmak,,,geto,,riyakârl?k,bina,Güvenlik aç???,,çekici
h?rs?zl?k,,,eli kula??nda,,verimsiz,kurtarmak,,,günahlar?n ba???lanmas?
f?rt?nas?,,,dinsiz,,sarho?,yönetmek,,,ö?retmen
ac? çektirmek,,,apandisit,,hilekâr,melek gibi,,,guru
imha,,,denetçi,,imans?z,müttefik,,,korucu
,,,komada,,imkans?z,?ifa,,,itaat
,,,bask?c?,,hükümlü,Kuzu,,,özür dilemek
,,,k?smet,,zorlama,do?um,,,pe?
,,,anar?i,,senet,sayg?n,,,mare?al
,,,karga?al?,,orospu,çekül,,,güven
,,,Kald?r,,hermafrodit,ba??rsaklar,,,iddia
,,,zalim,,bo?bo?azl?k,heyecanland?rmak,,,beyaz
,,,prognoz,,Veri deposu,bonne,,,jüri
,,,süspansiyon,,?üphe eden,tutma,,,tarafs?zl?k
,,,muhalif,,görevden,kararla?t?r?lm??,,,yetki
,,,çökük,,bask?n,Kiraz,,,deneyimli
,,,pusu,,sapma,burs,,,vekil
,,,iflas,,bir deri bir kemik,yemin,,,niyetinde
,,,umutsuzluk,,genelev,sevinç,,,iyile?tirilebilir
,,,gizleme,,üflemek,cömert,,,beyefendi
,,,ç??l?k,,amortismana tabi,sardunya,,,yap?
,,,günah keçisi,,duraksama,ilham,,,kimlik do?rulamas?
,,,cenaze arabas?,,otopsi,ferahlat?c?,,,dürüstlük
,,,nakit,,?ok,çare,,,Konaklama
,,,s?çan,,complexed,kan?tlamak,,,beklemek
,,,?a??rtmak,,destroyer,mizahç?,,,kâhya
,,,çekinme,,küçümseme,merhamet,,,talimat
,,,tedavi edilemez,,yal?t?lm??,sancak,,,adak
,,,ok?amak,,zorla?t?rmak,Ruth,,,konsolos
,,,muayene,,?skartaya ç?karmak,reçel,,,geli?me
,,,heyet,,bürokrat,ba?ar?l? olmak,,,piknik
,,,vah?et,,kanl?,bekçi,,,dakik
,,,itici,,siren,e?lence,,,anla?ma
,,,kaprisli,,bula?t?rmak,ak?ll?l?k,,,medeniyet
,,,korkan,,tuhaf,hem?ire,,,banka
,,,despotluk,,üzülmek,asil,,,mahalle papaz?
,,,öldürücü,,küller,bo?u?ma,,,iltifat
,,,evsiz,,gayri kabili rücu,kasa,,,sevgilim
,,,hayvani,,terörist,jackpot,,,hibe
,,,bilinmeyen,,kaz?,antibiyotikler,,,kasiyer
,,,cellat,,siyanür,yaz??ma,,,kilise
,,,sokak köpe?i,,tümör,paslanmaz,,,oturan
,,,enjeksiyon,,yabanc?la?t?rma,bilim adam?,,,y?k?c?
,,,tahliye,,k?rd?,uygar,,,kahramanl?k
,,,uçurum,,küçültücü,kont,,,köylü
,,,kabuk,,tedavi etmek,diplomasi,,,özür dileyen
,,,zorluk,,kölele?tirme,empati,,,birle?me
,,,zehirlenmi?,,komplikasyon,yard?m eden,,,ba??ml?
,,,savunulamaz,,Sülükler,kadife,,,yetkili
,,,tarikat,,muhtaç,olas?l?k,,,arabulucu
,,,Varsay?lan,,mafya,jimnastikçi,,,profesör
,,,etobur,,u?ursuz,merhem,,,gerçek
,,,so?ukluk,,h?rpalanm??,alg?lamak,,,ödünç veren
,,,korkakl?k,,sap?kl?k,adaçay?,,,elden
,,,d??lamak,,külüstür araba,yenilemek,,,vasilik
,,,sefahat,,yo?un,lekesiz,,,e?itimci
,,,gizlemek,,sinsi,hap,,,davet etmek
,,,silâhlanma,,propaganda,zorlay?c?,,,çeviri
,,,firkateyn,,ac?l?k,kendinden geçmi?,,,kural
,,,alevlenme,,a??r? yük,düzenlemek,,,uyum
,,,cerrahl?k,,eskimi?,amin,,,dan??mak
,,,yabanc? dü?manl???,,çarm?ha germe,önceden görmek,,,z?rh
,,,amboli,,unutmak,kad?n ba?kan,,,pilot
,,,zor,,trol,ekstra,,,sar?lmak
,,,ç?lg?nca,,di? a?r?s?,sezgi,,,istekli
,,,su geçirmez,,intihal,sars?lmaz,,,millet
,,,kanser,,bo?anma,ufuk,,,kald?r?m
,,,düello,,hile,sad?k,,,kontrol listesi
,,,bedenden ayr?lm??,,conjuring,hi?t,,,e?itlik
,,,sanr?sal,,geç,ya?a,,,amiral gemisi
,,,dolama,,Hamiline,dakiklik,,,arada
,,,cüce,,spekülasyon,antiseptik,,,kanun
,,,afet,,kan davas?,mükemmel,,,hesap makinesi
,,,k?r?lgan,,hakaret,iyi niyet,,,tasdik
,,,anar?izm,,haks?zl?k,güne?li,,,oldukça
,,,kemer,,patlama,genç,,,
,,,av,,berbat,bilge,,,
,,,sinir,,itiraf etmek,idealizm,,,
,,,bombard?man,,Deccal,tazminat,,,
,,,terk,,zalimlik,kar??lamak,,,
,,,?antaj,,duygu,buss,,,
,,,dava d??? olan,,kar???kl?k,tazmin etmek,,,
,,,ba?ar?s?zl?k,,misilleme,giydirmek,,,
,,,mezarl?k,,övünme,ayd?nlatmak,,,
,,,y?k?c?,,deflasyon,ana,,,
,,,uyan?kl?k,,k?ym?k,omuz,,,
,,,yoksunluk,,gülünç,sayg?lar,,,
,,,hapis,,antipatik,ba?ar?,,,
,,,külfetli,,yas,çeviklik,,,
,,,meydan okuma,,fesat,ustal?k,,,
,,,güvensizlik,,k?zd?rmak,onama,,,
,,,tahrip,,kli?e,ücret,,,
,,,kayg?,,kovalamak,ebe,,,
,,,gönülsüz,,avc?l?k,mucizevi,,,
,,,araf,,üzgün,para,,,
,,,zatürree,,ele?tirmek,dük,,,
,,,as?l?,,toprakl?,ifade eden,,,
,,,hariç tutma,,kurak,Tatl?m,,,
,,,korkunç,,k?zg?n,iffet,,,
,,,ahlaks?z,,münaka?ac?,kucaklamak,,,
,,,kukuletal?,,arka,kur?un geçirmez,,,
,,,i?renme,,korozyon,müfetti?,,,
,,,dipsiz,,intikam,bilgelik,,,
,,,ar?,,ayk?r?,huzur,,,
,,,bu durumda,,beyhude,ders,,,
,,,aforoz,,tirad,topluluk,,,
,,,iflas etmi?,,gözard?,olu?turmak,,,
,,,çömelme,,tiranl?k,özgüven,,,
,,,ret,,korku ile,kullan??l?l?k,,,
,,,kural,,tedbirsiz,kariyer,,,
,,,utanç,,aksatmak,heykel,,,
,,,ölüm,,cafcafl?,merakl?,,,
,,,k?skançl?k,,oburluk,ileti?im kurmak,,,
,,,z?rh,,f?rt?nal?,bitmez tükenmez,,,
,,,?ahin,,ham,?evk,,,
,,,deprem,,yar?m yamalak,safl?k,,,
,,,sallama,,kukuleta,hasat,,,
,,,katliam,,doland?rmak,meslek,,,
,,,kamç?lamak,,vadesi geçmi?,güvence,,,
,,,durgunluk,,i?kence,güzelle?tirme,,,
,,,gecikme,,kusur,basit,,,
,,,ba?naz,,tüfek,stratejik,,,
,,,korkmu?,,aleyhtar,hobi,,,
,,,kurban,,müba?ir,devredilemez,,,
,,,h?rs?zl?k,,onaylamama,haz?rlamak,,,
,,,Ruh,,tahliye etmek,anmak,,,
,,,ac? çektirmek,,yaralay?c?,iyi,,,
,,,imha,,havas?z,a?mak,,,
,,,Güvenlik aç???,,k?zd?rma,sadaka,,,
,,,p?s?r?k,,safsata,mecburen,,,
,,,,,kasvet,devasa,,,
,,,,,aptalca,manevi,,,
,,,,,alayc?,wis,,,
,,,,,korkutucu,ipek,,,
,,,,,yutturmaca,kefil olmak,,,
,,,,,eski,teyze,,,
,,,,,rendelenmi?,suç ortakl???,,,
,,,,,parmakl?kl?,peygamber,,,
,,,,,kokain,f?rsat,,,
,,,,,tehdit,fazlas?yla,,,
,,,,,donma,dürüst,,,
,,,,,hidra,valiye ait,,,
,,,,,gevrek,oy,,,
,,,,,suçlayan,iyilik,,,
,,,,,bulant?,de?i?iklik yapmak,,,
,,,,,hayrete,elektrik,,,
,,,,,esaret,gençler,,,
,,,,,uyumsuzluk,birle?mek,,,
,,,,,?zd?rapl?,önümüzdeki,,,
,,,,,pis koku,garanti,,,
,,,,,rahats?zl?k,ilgi,,,
,,,,,tehdit etmek,buket,,,
,,,,,patlatmak,fakülte,,,
,,,,,anla?mazl?k,varl?klar,,,
,,,,,ateroskleroz,uçan,,,
,,,,,k?nama,güzellik,,,
,,,,,katarakt,zarif,,,
,,,,,a??zda kalan tat,kale,,,
,,,,,önlemek,doruk,,,
,,,,,önemsiz,eril,,,
,,,,,harry,öpücük,,,
,,,,,cüret,s?n?rs?z,,,
,,,,,öksürük,eylem,,,
,,,,,tutuklu,temizlemek,,,
,,,,,ha?in,kaç??,,,
,,,,,doktrinle?tirme,rehabilitasyon,,,
,,,,,iki yüzlülük,aga,,,
,,,,,mokasen,k?lavuz,,,
,,,,,küstah,kask,,,
,,,,,çaresizlik,idrak,,,
,,,,,kepek,nüfus,,,
,,,,,tenezzül,nihayet,,,
,,,,,ezme,aç?lmak,,,
,,,,,kurakl?k,öz kaynak,,,
,,,,,sevimsiz,olu?an,,,
,,,,,aldatma,hay?rsever,,,
,,,,,surats?z,?l?ml?,,,
,,,,,k?s?tlay?c?,zevk almak,,,
,,,,,deh?eti,vizyon,,,
,,,,,borda,varl?k,,,
,,,,,ilgisizlik,kral,,,
,,,,,hain,ilahi,,,
,,,,,ma?lup,benzersiz,,,
,,,,,fiyaka,koy,,,
,,,,,sava?,yukar?daki,,,
,,,,,salg?n,geli?tirici,,,
,,,,,düzensiz,gerekli,,,
,,,,,sald?rganl?k,iyimser,,,
,,,,,Brendi,iyile?mek,,,
,,,,,hastal?k,çok önemli,,,
,,,,,deneyimsizlik,onurlu,,,
,,,,,burkulma,güzel,,,
,,,,,esneme,ku?atma,,,
,,,,,bo?ma,flo?,,,
,,,,,ödenek,hassas,,,
,,,,,kir,ithaf,,,
,,,,,milis,özenli,,,
,,,,,abartmak,ola?anüstü,,,
,,,,,yang?n felâketi,seçkinler,,,
,,,,,terminal,uzmanl?k,,,
,,,,,termit,merhametli,,,
,,,,,tembellik,konu?ma,,,
,,,,,dara?ac?,star,,,
,,,,,azarlama,gurur,,,
,,,,,devrim,cömertlik,,,
,,,,,devre d??? b?rakmak,sab?rl?,,,
,,,,,Kasap,zafer,,,
,,,,,k?tl?k,emeklilik,,,
,,,,,ateizm,söz,,,
,,,,,ölmek,alt?n? çizmek,,,
,,,,,spektral,ped,,,
,,,,,yarars?z,ritim,,,
,,,,,dü?manl?klar,bilme,,,
,,,,,zina,simetrik,,,
,,,,,kirli,uyan?k,,,
,,,,,geçilmez,çocukluk,,,
,,,,,hippi,gazeteci,,,
,,,,,y?pratmak,ara?t?rmak,,,
,,,,,zay?flama,iyi huylu,,,
,,,,,verimsizlik,tashih,,,
,,,,,avc?,temas,,,
,,,,,gönül yaras?,zenginle?tirmek,,,
,,,,,kirlilik,dinç,,,
,,,,,uyumsuz,ate?topu,,,
,,,,,çam,kapsaml?,,,
,,,,,sansürcü,yorumlamak,,,
,,,,,utand?rmak,rahat,,,
,,,,,çetin,avantaj,,,
,,,,,safra,lord,,,
,,,,,a??r silahlar,kre?endo,,,
,,,,,dü?manca,fikstür,,,
,,,,,aç?kgöz,dindar,,,
,,,,,kavga,göksel,,,
,,,,,bombaland?,i?ne,,,
,,,,,duman,defne,,,
,,,,,bo?azlar,mühür,,,
,,,,,yetersiz,brokar,,,
,,,,,yabanc?la?m??,?ükran,,,
,,,,,huzursuz,çok güzel,,,
,,,,,ba?lant?s?z,uyumlu,,,
,,,,,hapsetme,ola?an,,,
,,,,,müddet,üreme,,,
,,,,,fuhu?,atalar?,,,
,,,,,amnezi,Çek,,,
,,,,,dejenere,kur?un,,,
,,,,,bayat,dostluk,,,
,,,,,vazgeçme,ikamet,,,
,,,,,feshetmek,kanarya,,,
,,,,,gev?ek,ozan,,,
,,,,,sefil,fark?ndal?k,,,
,,,,,tahri?,madalya,,,
,,,,,mülk,dolgu malzemesi,,,
,,,,,gözleme,pelu?,,,
,,,,,de?arj,binalar?n,,,
,,,,,kurmu?tur,gün bat?m?,,,
,,,,,tan?nmam??,fayda,,,
,,,,,f?rt?na,parlakl?k,,,
,,,,,k?t,arzu,,,
,,,,,inme,büyüme,,,
,,,,,aç?klanamaz,adayl?k,,,
,,,,,egoist,antika,,,
,,,,,pas,i?gal etmek,,,
,,,,,karars?zl?k,liberal,,,
,,,,,tuvalet,zemin,,,
,,,,,büyücülük,tamamlay?c?,,,
,,,,,bay?lma,güçlendirmek,,,
,,,,,ha?arat,subay,,,
,,,,,korkak,Güne?,,,
,,,,,plan,e?ilim,,,
,,,,,feci,prosedür,,,
,,,,,b?çaklama,deha,,,
,,,,,rengi de?i?mi?,geleneksel,,,
,,,,,soygun,serbestçe,,,
,,,,,irin,yeti?me ortam?,,,
,,,,,çete,etkili,,,
,,,,,saf olmayan,keski,,,
,,,,,yalamak,ke?i?,,,
,,,,,bozulan,a??rlamak,,,
,,,,,öldürmek,dam?zl?k,,,
,,,,,feodalite,d??a do?ru,,,
,,,,,ba?tankara,sava?ç?,,,
,,,,,müshil,uyma,,,
,,,,,seyrek olarak,ba??ms?zl?k,,,
,,,,,ac? veren,sigortalamak,,,
,,,,,ek?i,kutsal,,,
,,,,,tiksinmek,fatih,,,
,,,,,yoksul,heyecan,,,
,,,,,tasarrufunu,elma suyu,,,
,,,,,amortisman,mest,,,
,,,,,bulutluluk,akrobat,,,
,,,,,yorgunluk,cümbü?,,,
,,,,,yok etme,kitap kurdu,,,
,,,,,olgunla?mam??,onayl?,,,
,,,,,okuma yazma bilmeyen,uyarma,,,
,,,,,esir,dinginlik,,,
,,,,,gürültülü,dan??man,,,
,,,,,kurcalamak,sevindirmek,,,
,,,,,tüyler ürpertici,süzülme,,,
,,,,,hayal k?r?kl???na u?ram??,mutluluk,,,
,,,,,kana susam??,do?ru,,,
,,,,,anne,odak,,,
,,,,,?ss?z,lâl,,,
,,,,,d?? görünü?,Paraguay çay?,,,
,,,,,gut,faiz,,,
,,,,,a?a??lay?c?,tutarl?l?k,,,
,,,,,çöp,krem,,,
,,,,,balya,gereçler,,,
,,,,,uyu?ukluk,yüceltmek,,,
,,,,,servis,rave,,,
,,,,,d??lanan,selamlama,,,
,,,,,etkisiz,sefer,,,
,,,,,tehlikeli,çarp?c?,,,
,,,,,do?um yeri,konsey,,,
,,,,,hareketsizlik,melek,,,
,,,,,sertlik,erotik,,,
,,,,,homurdanma,teselli,,,
,,,,,dwarfed,y?lmaz,,,
,,,,,zalimce,hafifleme,,,
,,,,,mahçup,madde,,,
,,,,,bozmak,k?sa ve basit ?ark?,,,
,,,,,savunmas?z,epik,,,
,,,,,katil,etkilemek,,,
,,,,,kumarbaz,?öhret,,,
,,,,,ezilmi?,fevkalade,,,
,,,,,top,nezaket,,,
,,,,,geri çekilme,dantel,,,
,,,,,kat?lm?yorum,hareket ettirici,,,
,,,,,enflasyon,?ampiyon,,,
,,,,,görevi ba??nda bulunmayan kimse,ba?l?k,,,
,,,,,garnitür,sa?lamak,,,
,,,,,k?yas?ya,tamamlad?ktan,,,
,,,,,serseri,evrim,,,
,,,,,apache,festival,,,
,,,,,kolza,?ansl?,,,
,,,,,k?s?tlamak,cezbetmek,,,
,,,,,casusluk,kredi,,,
,,,,,sümüklüböcek,bilgin,,,
,,,,,ba??ml?l?k,Erik,,,
,,,,,farkl?,patron,,,
,,,,,mülayim,arkada?l?k,,,
,,,,,metres,dezenfekte etme,,,
,,,,,kloroform,besleyici,,,
,,,,,sarho?luk,gülme,,,
,,,,,ortadan kald?rmak,emilen,,,
,,,,,sürtük,ya?l?lar,,,
,,,,,sona ermek,ba?l?l?k,,,
,,,,,dövme,ço?unluk,,,
,,,,,kalabal?k,balsam,,,
,,,,,gübre,savurgan,,,
,,,,,karma??k,havari,,,
,,,,,sald?r?,affedilebilir,,,
,,,,,k?s?rl?k,servet,,,
,,,,,kar?? ç?kmak,p?r?lt?,,,
,,,,,istifa etmek,bal,,,
,,,,,nefret dolu,kullan??l?,,,
,,,,,boynuzlamak,samimiyet,,,
,,,,,tehlike,yaltaklanan,,,
,,,,,azman,al?nt?,,,
,,,,,eroin,kolayla?t?rmak,,,
,,,,,ebe,erdem,,,
,,,,,y?lan,umutlu,,,
,,,,,el bombas?,avantajl?,,,
,,,,,eksiltmek,seçkin,,,
,,,,,endi?elenmek,do?rulama,,,
,,,,,somun,vatanda?,,,
,,,,,k?r?k,?övalye,,,
,,,,,mücadele,masaj,,,
,,,,,a?r?,?ekil,,,
,,,,,rezillik,aç?kl?k,,,
,,,,,s?k?c?,Yukar?da sözü edilen,,,
,,,,,Ücretli,kategorik,,,
,,,,,erozyon,al?nd?,,,
,,,,,tamamlanmam??l???,güne?,,,
,,,,,nadas,ak?ll?,,,
,,,,,peri?an,tahsilli,,,
,,,,,yan?lsama,arkada?,,,
,,,,,bilinçsiz,kelime hazinesi,,,
,,,,,tutars?zl?k,ilhaml?,,,
,,,,,katlanmak,çubuk,,,
,,,,,kurnazl?k,netlik,,,
,,,,,deforme olmu?,bakalorya,,,
,,,,,bitmez tükenmez,lider,,,
,,,,,hata,denge,,,
,,,,,aral?ks?z,ilerleme,,,
,,,,,vergi,ziyafet,,,
,,,,,tehlikeye atmak,ça?layan,,,
,,,,,k?rmak,dengeli,,,
,,,,,kartel,taziye,,,
,,,,,s?n?rlamak,?erefiye,,,
,,,,,paçavralar,toplu olarak,,,
,,,,,yava? ilerleme,vites,,,
,,,,,açgözlülük,kans?z,,,
,,,,,yaman,ne?eli,,,
,,,,,müdür,s?n?fland?rmak,,,
,,,,,Demirba?,beklenti,,,
,,,,,bulan?kl?k,savunmak,,,
,,,,,çekim,ilerlemek,,,
,,,,,suç ortakl???,Tanr?,,,
,,,,,yumruk,aristokrasi,,,
,,,,,unutulmu?,ba?r?na basmak,,,
,,,,,epilepsi,mutlulukla,,,
,,,,,gaddar,savunma oyuncusu,,,
,,,,,nispet,sünnet,,,
,,,,,okunaks?z,küfretmek,,,
,,,,,antisosyal,ayak i?leri,,,
,,,,,ç??,marifetli,,,
,,,,,savunma,ne?e,,,
,,,,,kat?la?m??,yayg?n,,,
,,,,,yakma,yi?itlik,,,
,,,,,suç,telâfi etmek,,,
,,,,,oy,büyükelçi,,,
,,,,,ac?,kan?tlanabilir,,,
,,,,,oymak,didaktik,,,
,,,,,itaatsizlik,gülmek,,,
,,,,,orc,de?er,,,
,,,,,disiplin,reform,,,
,,,,,gözetlemek,yazar,,,
,,,,,bo?una olu?,yüce,,,
,,,,,gençler,inanç,,,
,,,,,clashing,c?v?ldamak,,,
,,,,,itibars?z,güvenilirlik,,,
,,,,,anal,uygulanan,,,
,,,,,taklit,takas,,,
,,,,,terkedilmi?,avatar,,,
,,,,,gizlenmek,aroma,,,
,,,,,gidermek,bah?edilen,,,
,,,,,as?k suratl?,orgazm,,,
,,,,,karakurba?as?,dahil,,,
,,,,,asi,antifungal,,,
,,,,,bebek öldürme,nakit,,,
,,,,,pire,e?itmen,,,
,,,,,köpekle kovalama,kamarot,,,
,,,,,zahmetli,sayg?,,,
,,,,,kendini be?enmi?,ün,,,
,,,,,müsadere,beslemek,,,
,,,,,ihmalci,iyile?tirmek,,,
,,,,,bula??c?,i?aretli,,,
,,,,,oruç tutma,yarat?c?,,,
,,,,,canavar,ifadesi,,,
,,,,,zehirli,muafiyet,,,
,,,,,m?r?lt?,seçilmi?,,,
,,,,,giyotin,kutsama,,,
,,,,,kundakç?l?k,Akdeniz,,,
,,,,,sanr?,yak???r,,,
,,,,,kaç??,tatl?,,,
,,,,,?aplak,belediye ba?kan?,,,
,,,,,kökünü kurutmak,e?siz,,,
,,,,,isyan,a?inal?k,,,
,,,,,yokluk,güler yüzlü,,,
,,,,,bitik,ba???,,,
,,,,,kar??,kararl?,,,
,,,,,adam öldürmeye meyilli,yönetim,,,
,,,,,çalmak,onur,,,
,,,,,kabaday?l?k,kesin,,,
,,,,,kopukluk,uydurmak,,,
,,,,,korkakça,vicdanl?,,,
,,,,,çat??ma,nükteli,,,
,,,,,deneyimsiz,me?e,,,
,,,,,ç?lg?n,abba,,,
,,,,,müstehcen,harika,,,
,,,,,disheartened,maharet,,,
,,,,,sert,çekici,,,
,,,,,endi?eli,günahlar?n ba???lanmas?,,,
,,,,,dizanteri,görülemeyen ?eyleri görebilen,,,
,,,,,bileme,ö?retmen,,,
,,,,,bariz,guru,,,
,,,,,kay?p,itaat,,,
,,,,,zehir,özür dilemek,,,
,,,,,küfür,hedonizm,,,
,,,,,sahtekârl?k,tonlama,,,
,,,,,inan?lmaz,mare?al,,,
,,,,,otlar,etkinlik,,,
,,,,,rahats?z,e?lenceli,,,
,,,,,holocaust,astronom,,,
,,,,,tufan,nutuk,,,
,,,,,müteessir,iddia,,,
,,,,,ku?atma,beyaz,,,
,,,,,s?k?nt?,övme,,,
,,,,,sakat,olgun,,,
,,,,,silahlanma,tezahürat,,,
,,,,,s?n?rd???,tarafs?zl?k,,,
,,,,,susuz,yetki,,,
,,,,,oyalama,memnun,,,
,,,,,önyarg?,deneyimli,,,
,,,,,mahsur,art?rmak,,,
,,,,,limon,a?k,,,
,,,,,gömülü,üretken,,,
,,,,,deh?et,varl?kl?,,,
,,,,,parçalanma,kahvalt?,,,
,,,,,is,koalisyon,,,
,,,,,afyon,zarars?z,,,
,,,,,emeklilik,görgü,,,
,,,,,sorgu yarg?c?,pervane,,,
,,,,,itiraf,iyile?tirilebilir,,,
,,,,,yara izi,beyefendi,,,
,,,,,y?k?m,çorba,,,
,,,,,zararl?,uygun,,,
,,,,,zay?fl?k,tutumlu,,,
,,,,,suçlamak,merak,,,
,,,,,kar???k,besteci,,,
,,,,,tuzak çukuru,yap?,,,
,,,,,yaz?m hatas?,A?ustos,,,
,,,,,sözler,yaslanmak,,,
,,,,,i?sizlik paras?,as,,,
,,,,,istikrars?z,dürüstlük,,,
,,,,,uyan,artistik,,,
,,,,,kanama,beklemek,,,
,,,,,bomba,kâhya,,,
,,,,,saf,talimat,,,
,,,,,geyik yavrusu,?ekerlenmi?,,,
,,,,,kapat?lma,trigonometri,,,
,,,,,yorumlamak,adak,,,
,,,,,kriz,atmosfer,,,
,,,,,cehalet,manzara,,,
,,,,,ne yaz?k ki,??k,,,
,,,,,lord,büyükanne,,,
,,,,,kamula?t?rma,geli?me,,,
,,,,,i?siz,iste?e ba?l?,,,
,,,,,yakalamak,k?sa kürek,,,
,,,,,çapraz,seyahat,,,
,,,,,donuk,piknik,,,
,,,,,pasl?,aday,,,
,,,,,?zin verilmeyen,ödeme,,,
,,,,,titreme,dakik,,,
,,,,,a?layan,Dizi,,,
,,,,,geriye,anla?ma,,,
,,,,,ac?mas?z,ev,,,
,,,,,sakatl?k,medeniyet,,,
,,,,,dikkatini da??tmak,bale,,,
,,,,,kâfir,göze,,,
,,,,,içkili,kuvvetlendirmek,,,
,,,,,çatlama,mahalle papaz?,,,
,,,,,?üpheci,iltifat,,,
,,,,,zenci,sevgilim,,,
,,,,,cadaloz,hibe,,,
,,,,,serinkanl?,madeni para,,,
,,,,,s?k?nt?l?,kilise,,,
,,,,,t?kaç,oturan,,,
,,,,,azaltmak,kahramanl?k,,,
,,,,,?iddet,köylü,,,
,,,,,?ehit,özür dileyen,,,
,,,,,yetim,idol,,,
,,,,,hüsran,gagalama,,,
,,,,,negro,bilgi,,,
,,,,,sap,uyan?kl?k,,,
,,,,,vermek,klasik,,,
,,,,,kibirli,tüylü,,,
,,,,,paragöz,sokulgan,,,
,,,,,barikat,birle?me,,,
,,,,,bezdirmek,harç,,,
,,,,,mahkumiyet,esprili,,,
,,,,,kand?rmaca,üniversite,,,
,,,,,kötüleyici,ba??ml?,,,
,,,,,tahliye ettirmek,yetkili,,,
,,,,,ac?yan,arabulucu,,,
,,,,,hizmetçi,profesör,,,
,,,,,sersem,gerçek,,,
,,,,,süngü,k?v?rmak,,,
,,,,,kuruntu,izlenim,,,
,,,,,liberal,kulübe,,,
,,,,,dü?en,elden,,,
,,,,,körlük,vasilik,,,
,,,,,bunalm??,yenilik yapmak,,,
,,,,,egemenlik,davet etmek,,,
,,,,,mide ek?imesi,gönül rahatl???,,,
,,,,,kaos,taksi,,,
,,,,,benek,demokrasi,,,
,,,,,koklama,uyum,,,
,,,,,ho?nutsuzluk,z?rh,,,
,,,,,yuh,pilot,,,
,,,,,sulu kar,ziyaretçi,,,
,,,,,kaplama,tören,,,
,,,,,kusma,in?a etmek,,,
,,,,,cümle,yap?mc?,,,
,,,,,sövgü,sar?lmak,,,
,,,,,ma?rur,bahçe,,,
,,,,,semptom,ilahiyat,,,
,,,,,kitap kurdu,melisa,,,
,,,,,huysuz,alkollü içkiler,,,
,,,,,narkotik,homoloji,,,
,,,,,çeli?ki,kapatma,,,
,,,,,varisli,füzyon,,,
,,,,,sonras?nda,istekli,,,
,,,,,cin,alçakgönüllü,,,
,,,,,tabi,katk?da bulunmak,,,
,,,,,so?anl?,kurdele,,,
,,,,,uygulanamaz,kontrol listesi,,,
,,,,,umutsuz,e?itlik,,,
,,,,,biçimsiz,arada,,,
,,,,,korkmak,çiçekli,,,
,,,,,yaral?,hesap makinesi,,,
,,,,,tabanca,önerme,,,
,,,,,kirpi,diyet,,,
,,,,,zulüm,sapt?rma,,,
,,,,,bodur,heyecan verici,,,
,,,,,süzülme,eksiksiz,,,
,,,,,yap,filo,,,
,,,,,s?n?rlanm??,yat??t?rmak,,,
,,,,,kaçmak,soru,,,
,,,,,sulu,ak?l,,,
,,,,,büzücü,ganimet,,,
,,,,,ar?zal?,oldukça,,,
,,,,,ya?ma,,,,
,,,,,divested,,,,
,,,,,maskaral?k,,,,
,,,,,a?a??l?k,,,,
,,,,,yok,,,,
,,,,,reddetmek,,,,
,,,,,acil durum,,,,
,,,,,k?zak,,,,
,,,,,sald?rmak,,,,
,,,,,çorak,,,,
,,,,,sald?rgan,,,,
,,,,,rave,,,,
,,,,,ac? çekmek,,,,
,,,,,yobaz,,,,
,,,,,opak,,,,
,,,,,taklitçi,,,,
,,,,,?ss?zl?k,,,,
,,,,,diktatörce,,,,
,,,,,kusurlu,,,,
,,,,,kükürt,,,,
,,,,,yaprak biti,,,,
,,,,,budak,,,,
,,,,,?eytani,,,,
,,,,,istifa,,,,
,,,,,erotik,,,,
,,,,,çaresiz,,,,
,,,,,uyu?mu?,,,,
,,,,,aç,,,,
,,,,,kaç?n?lmaz,,,,
,,,,,sorun,,,,
,,,,,Tehlike,,,,
,,,,,dengesiz,,,,
,,,,,faul,,,,
,,,,,üstünkörü,,,,
,,,,,aldatan,,,,
,,,,,kin,,,,
,,,,,ç?karc?,,,,
,,,,,reddeder,,,,
,,,,,kancal?,,,,
,,,,,diktatör,,,,
,,,,,?s?r?k,,,,
,,,,,dantel,,,,
,,,,,ka?lar?n? çatmak,,,,
,,,,,ö?üt,,,,
,,,,,inilti,,,,
,,,,,a??nma,,,,
,,,,,gizlice,,,,
,,,,,poz,,,,
,,,,,kalpsiz,,,,
,,,,,bilgi yar??mas?,,,,
,,,,,anonim,,,,
,,,,,enfarktüs,,,,
,,,,,karga?a,,,,
,,,,,bariyer,,,,
,,,,,engellemek,,,,
,,,,,anomali,,,,
,,,,,titremek,,,,
,,,,,acil,,,,
,,,,,boz,,,,
,,,,,sald?rma,,,,
,,,,,ya?l?,,,,
,,,,,çalkalama,,,,
,,,,,yoksulluk,,,,
,,,,,dola??k,,,,
,,,,,toprak,,,,
,,,,,putperestlik,,,,
,,,,,dü?man,,,,
,,,,,onaylamayan,,,,
,,,,,depresyon,,,,
,,,,,kas?lm??,,,,
,,,,,savurgan,,,,
,,,,,despot,,,,
,,,,,yoldan,,,,
,,,,,s?z?nt?,,,,
,,,,,?v?r z?v?r,,,,
,,,,,ihtilaf,,,,
,,,,,yozla?ma,,,,
,,,,,sallanmak,,,,
,,,,,söndürmek,,,,
,,,,,e?itilmemi?,,,,
,,,,,komplocu,,,,
,,,,,muhbir,,,,
,,,,,aksilik,,,,
,,,,,rezalet,,,,
,,,,,k?rkmak,,,,
,,,,,al?nt?,,,,
,,,,,bakteri,,,,
,,,,,kaybedilir,,,,
,,,,,agresif,,,,
,,,,,soyguncu,,,,
,,,,,kolik,,,,
,,,,,seçkin,,,,
,,,,,güvercin,,,,
,,,,,çocukça,,,,
,,,,,iftira olan,,,,
,,,,,pervas?z,,,,
,,,,,a??z,,,,
,,,,,harabe,,,,
,,,,,misplace,,,,
,,,,,zindan,,,,
,,,,,a??rla?t?r?lm??,,,,
,,,,,ölüm perisi,,,,
,,,,,angarya,,,,
,,,,,a??rla?t?r?c?,,,,
,,,,,hüzün,,,,
,,,,,kâbus,,,,
,,,,,çamur,,,,
,,,,,t?kan?kl?k,,,,
,,,,,cezaland?rmak,,,,
,,,,,patlamak,,,,
,,,,,soyu tükenmi?,,,,
,,,,,ötenazi,,,,
,,,,,kibir,,,,
,,,,,dava açmak,,,,
,,,,,ba??rma,,,,
,,,,,Borçlu,,,,
,,,,,ihlal,,,,
,,,,,atlamak,,,,
,,,,,aksak,,,,
,,,,,?imdiye kadar,,,,
,,,,,özsu,,,,
,,,,,hançer,,,,
,,,,,ölmü?,,,,
,,,,,parçalama,,,,
,,,,,dilenme,,,,
,,,,,hayalet gibi,,,,
,,,,,merhum,,,,
,,,,,yok etmek,,,,
,,,,,blackjack,,,,
,,,,,k?s?tlama,,,,
,,,,,siklon,,,,
,,,,,içler ac?s?,,,,
,,,,,otokratik,,,,
,,,,,kukla,,,,
,,,,,p?t?rt?,,,,
,,,,,cüzam,,,,
,,,,,pezevenk,,,,
,,,,,en a?a?? nokta,,,,
,,,,,yanm??,,,,
,,,,,imrenmek,,,,
,,,,,inatç?,,,,
,,,,,üfleyici,,,,
,,,,,haczetmek,,,,
,,,,,be?enmeme,,,,
,,,,,sark?nt?l?k,,,,
,,,,,?i?irilmi?,,,,
,,,,,dayan?lmaz,,,,
,,,,,diskalifiye,,,,
,,,,,geto,,,,
,,,,,ü?engeç,,,,
,,,,,dinsiz,,,,
,,,,,yersiz,,,,
,,,,,apandisit,,,,
,,,,,kimsesiz,,,,
,,,,,dilsiz,,,,
,,,,,komada,,,,
,,,,,bask?c?,,,,
,,,,,k?smet,,,,
,,,,,anar?i,,,,
,,,,,karga?al?,,,,
,,,,,talep etmek,,,,
,,,,,hileli,,,,
,,,,,Kald?r,,,,
,,,,,etli,,,,
,,,,,yalan söyleme,,,,
,,,,,fahi?e,,,,
,,,,,zalim,,,,
,,,,,döküntü,,,,
,,,,,suçluluk,,,,
,,,,,çat?rt?,,,,
,,,,,teessüf,,,,
,,,,,pamukçuk,,,,
,,,,,tiksinme,,,,
,,,,,süspansiyon,,,,
,,,,,muhalif,,,,
,,,,,çökük,,,,
,,,,,pusu,,,,
,,,,,iflas,,,,
,,,,,oyuncu,,,,
,,,,,umutsuzluk,,,,
,,,,,ayartmak,,,,
,,,,,çirkin,,,,
,,,,,ç??l?k,,,,
,,,,,tazmin,,,,
,,,,,günah keçisi,,,,
,,,,,cenaze arabas?,,,,
,,,,,eri?ilemez,,,,
,,,,,ay?rma,,,,
,,,,,kayma,,,,
,,,,,s?çan,,,,
,,,,,depreciate,,,,
,,,,,grotesk,,,,
,,,,,talep,,,,
,,,,,?a??rtmak,,,,
,,,,,g?c?rdayan,,,,
,,,,,at?l,,,,
,,,,,h?çk?r?k,,,,
,,,,,ray,,,,
,,,,,barbarl?k,,,,
,,,,,popo,,,,
,,,,,çekinme,,,,
,,,,,erkek ar?,,,,
,,,,,tedavi edilemez,,,,
,,,,,bo?a ç?karmak,,,,
,,,,,küçümsemek,,,,
,,,,,sak?ncal?,,,,
,,,,,fazlal?k,,,,
,,,,,ok?amak,,,,
,,,,,muayene,,,,
,,,,,ihanet,,,,
,,,,,para h?rs?,,,,
,,,,,kat?r,,,,
,,,,,monokrom,,,,
,,,,,vah?et,,,,
,,,,,onaylanmad?,,,,
,,,,,itici,,,,
,,,,,kaprisli,,,,
,,,,,bulan?k,,,,
,,,,,de?ersiz,,,,
,,,,,korkan,,,,
,,,,,despotluk,,,,
,,,,,göze batan,,,,
,,,,,belirsizlik,,,,
,,,,,öldürücü,,,,
,,,,,evsiz,,,,
,,,,,hayvani,,,,
,,,,,bilinmeyen,,,,
,,,,,yan?lmak,,,,
,,,,,çirkinle?tirmek,,,,
,,,,,vatan hasreti çeken,,,,
,,,,,yerinden etmek,,,,
,,,,,cellat,,,,
,,,,,aptal,,,,
,,,,,Re?o,,,,
,,,,,tahrif etmek,,,,
,,,,,sokak köpe?i,,,,
,,,,,koku,,,,
,,,,,hedonizm,,,,
,,,,,tahliye,,,,
,,,,,paramparça,,,,
,,,,,Obstrüktif,,,,
,,,,,kabuk,,,,
,,,,,tüketim vergisi,,,,
,,,,,iffetsiz,,,,
,,,,,gürültü,,,,
,,,,,azil,,,,
,,,,,çökmü?,,,,
,,,,,zorluk,,,,
,,,,,yozla?m??,,,,
,,,,,kakofoni,,,,
,,,,,zehirlenmi?,,,,
,,,,,sivilce,,,,
,,,,,savunulamaz,,,,
,,,,,titiz,,,,
,,,,,amfetaminler,,,,
,,,,,dava edilebilir,,,,
,,,,,tarikat,,,,
,,,,,becerememe,,,,
,,,,,demirledi,,,,
,,,,,handikap,,,,
,,,,,Varsay?lan,,,,
,,,,,üzmek,,,,
,,,,,etobur,,,,
,,,,,so?ukluk,,,,
,,,,,yar?m,,,,
,,,,,korkakl?k,,,,
,,,,,d??lamak,,,,
,,,,,egzoz,,,,
,,,,,sigara,,,,
,,,,,hesaplanamaz,,,,
,,,,,pil,,,,
,,,,,sefahat,,,,
,,,,,inkar,,,,
,,,,,yan?ta kat?lmamak,,,,
,,,,,tart??mal?,,,,
,,,,,solucan,,,,
,,,,,kader,,,,
,,,,,?a??rm??,,,,
,,,,,halsiz,,,,
,,,,,bereketli,,,,
,,,,,kötülemek,,,,
,,,,,intikamc?,,,,
,,,,,alevlenme,,,,
,,,,,dayak,,,,
,,,,,yabanc? dü?manl???,,,,
,,,,,guguk,,,,
,,,,,bahane,,,,
,,,,,amboli,,,,
,,,,,ç?lg?nca,,,,
,,,,,as?ls?z,,,,
,,,,,Varak,,,,
,,,,,kanser,,,,
,,,,,manzara,,,,
,,,,,ç?ban,,,,
,,,,,si?il,,,,
,,,,,da??lan,,,,
,,,,,beceriksiz,,,,
,,,,,zarar,,,,
,,,,,ayr?lmak,,,,
,,,,,septik,,,,
,,,,,basur,,,,
,,,,,bedenden ayr?lm??,,,,
,,,,,se?irme,,,,
,,,,,içme,,,,
,,,,,sanr?sal,,,,
,,,,,dayat?lmas?,,,,
,,,,,tur?u,,,,
,,,,,ya?,,,,
,,,,,nafaka,,,,
,,,,,dolama,,,,
,,,,,onba??,,,,
,,,,,cüce,,,,
,,,,,afet,,,,
,,,,,k?r?lgan,,,,
,,,,,geçi?tirmek,,,,
,,,,,dü?üncesiz,,,,
,,,,,s?k???k,,,,
,,,,,anar?izm,,,,
,,,,,istenmeyen,,,,
,,,,,kemer,,,,
,,,,,av,,,,
,,,,,sinir,,,,
,,,,,kaba,,,,
,,,,,k?skanç,,,,
,,,,,bula?ma,,,,
,,,,,dizginleme,,,,
,,,,,bombard?man,,,,
,,,,,harcama,,,,
,,,,,asabi,,,,
,,,,,kirlenme,,,,
,,,,,terk,,,,
,,,,,dönek,,,,
,,,,,bok,,,,
,,,,,indirgemek,,,,
,,,,,?antaj,,,,
,,,,,dava d??? olan,,,,
,,,,,ba?ar?s?zl?k,,,,
,,,,,dilenmek,,,,
,,,,,mezarl?k,,,,
,,,,,y?k?c?,,,,
,,,,,dü?manl?k,,,,
,,,,,nankör,,,,
,,,,,o?lan,,,,
,,,,,sark?k,,,,
,,,,,yoksunluk,,,,
,,,,,hapis,,,,
,,,,,külfetli,,,,
,,,,,meydan okuma,,,,
,,,,,yak?n?n? kaybetmi?,,,,
,,,,,güvensizlik,,,,
,,,,,tahrip,,,,
,,,,,kayg?,,,,
,,,,,gönülsüz,,,,
,,,,,kavrulmak,,,,
,,,,,ba??ml?,,,,
,,,,,saçmal?k,,,,
,,,,,herpes,,,,
,,,,,kovan,,,,
,,,,,araf,,,,
,,,,,memnuniyetsizlik,,,,
,,,,,zatürree,,,,
,,,,,as?l?,,,,
,,,,,hariç tutma,,,,
,,,,,korkunç,,,,
,,,,,ahlaks?z,,,,
,,,,,inanmaz,,,,
,,,,,i?renme,,,,
,,,,,hapsetmek,,,,
,,,,,e?cinsellik,,,,
,,,,,dertli,,,,
,,,,,cheesecake,,,,
,,,,,bozulmak,,,,
,,,,,bu durumda,,,,
,,,,,aforoz,,,,
,,,,,iflas etmi?,,,,
,,,,,çömelme,,,,
,,,,,içerlemek,,,,
,,,,,evcil hayvan,,,,
,,,,,negatif,,,,
,,,,,ret,,,,
,,,,,utanç,,,,
,,,,,ölüm,,,,
,,,,,k?skançl?k,,,,
,,,,,cumhuriyet,,,,
,,,,,deprem,,,,
,,,,,fiyasko,,,,
,,,,,sallama,,,,
,,,,,katliam,,,,
,,,,,melisa,,,,
,,,,,adaletsizlik,,,,
,,,,,bitkin,,,,
,,,,,k?p?rdamak,,,,
,,,,,karmakar???k,,,,
,,,,,dikkat da??t?c?,,,,
,,,,,inkâr,,,,
,,,,,kamç?lamak,,,,
,,,,,tezat,,,,
,,,,,durgunluk,,,,
,,,,,gecikme,,,,
,,,,,ba?naz,,,,
,,,,,korkmu?,,,,
,,,,,kurban,,,,
,,,,,kand?rmak,,,,
,,,,,h?rs?zl?k,,,,
,,,,,modas? geçmi?,,,,
,,,,,Ruh,,,,
,,,,,yaya,,,,
,,,,,a?lamak,,,,
,,,,,kurtçuk,,,,
,,,,,emmek,,,,
,,,,,drenaj,,,,
,,,,,ac? çektirmek,,,,
,,,,,kesilmi?,,,,
,,,,,düzenbaz,,,,
,,,,,Çürük,,,,
,,,,,boykot,,,,
,,,,,imha,,,,
,,,,,Güvenlik aç???,,,,
,,,,,p?s?r?k,,,,
